head,relation,tail
artist_36,CREATED,track_1
artist_84,CREATED,track_2
artist_45,CREATED,track_3
artist_1,CREATED,track_4
artist_47,CREATED,track_5
artist_10,CREATED,track_6
artist_78,CREATED,track_7
artist_9,CREATED,track_8
artist_42,CREATED,track_9
artist_33,CREATED,track_10
artist_15,CREATED,track_11
artist_24,CREATED,track_12
artist_8,CREATED,track_13
artist_42,CREATED,track_14
artist_21,CREATED,track_15
artist_20,CREATED,track_16
artist_69,CREATED,track_17
artist_25,CREATED,track_18
artist_91,CREATED,track_19
artist_63,CREATED,track_20
artist_81,CREATED,track_21
artist_34,CREATED,track_22
artist_83,CREATED,track_23
artist_3,CREATED,track_24
artist_64,CREATED,track_25
artist_28,CREATED,track_26
artist_90,CREATED,track_27
artist_19,CREATED,track_28
artist_1,CREATED,track_29
artist_44,CREATED,track_30
artist_64,CREATED,track_31
artist_89,CREATED,track_32
artist_16,CREATED,track_33
artist_34,CREATED,track_34
artist_36,CREATED,track_35
artist_63,CREATED,track_36
artist_56,CREATED,track_37
artist_67,CREATED,track_38
artist_91,CREATED,track_39
artist_31,CREATED,track_40
artist_53,CREATED,track_41
artist_10,CREATED,track_42
artist_57,CREATED,track_43
artist_63,CREATED,track_44
artist_76,CREATED,track_45
artist_47,CREATED,track_46
artist_43,CREATED,track_47
artist_19,CREATED,track_48
artist_14,CREATED,track_49
artist_53,CREATED,track_50
artist_22,CREATED,track_51
artist_12,CREATED,track_52
artist_76,CREATED,track_53
artist_29,CREATED,track_54
artist_61,CREATED,track_55
artist_3,CREATED,track_56
artist_78,CREATED,track_57
artist_48,CREATED,track_58
artist_29,CREATED,track_59
artist_69,CREATED,track_60
artist_57,CREATED,track_61
artist_22,CREATED,track_62
artist_45,CREATED,track_63
artist_95,CREATED,track_64
artist_91,CREATED,track_65
artist_95,CREATED,track_66
artist_7,CREATED,track_67
artist_75,CREATED,track_68
artist_41,CREATED,track_69
artist_72,CREATED,track_70
artist_73,CREATED,track_71
artist_12,CREATED,track_72
artist_53,CREATED,track_73
artist_98,CREATED,track_74
artist_22,CREATED,track_75
artist_79,CREATED,track_76
artist_32,CREATED,track_77
artist_56,CREATED,track_78
artist_100,CREATED,track_79
artist_10,CREATED,track_80
artist_38,CREATED,track_81
artist_79,CREATED,track_82
artist_24,CREATED,track_83
artist_52,CREATED,track_84
artist_47,CREATED,track_85
artist_35,CREATED,track_86
artist_81,CREATED,track_87
artist_92,CREATED,track_88
artist_21,CREATED,track_89
artist_32,CREATED,track_90
artist_7,CREATED,track_91
artist_69,CREATED,track_92
artist_67,CREATED,track_93
artist_20,CREATED,track_94
artist_35,CREATED,track_95
artist_29,CREATED,track_96
artist_18,CREATED,track_97
artist_11,CREATED,track_98
artist_61,CREATED,track_99
artist_73,CREATED,track_100
artist_35,CREATED,track_101
artist_20,CREATED,track_102
artist_74,CREATED,track_103
artist_16,CREATED,track_104
artist_84,CREATED,track_105
artist_15,CREATED,track_106
artist_12,CREATED,track_107
artist_100,CREATED,track_108
artist_10,CREATED,track_109
artist_41,CREATED,track_110
artist_47,CREATED,track_111
artist_83,CREATED,track_112
artist_88,CREATED,track_113
artist_96,CREATED,track_114
artist_51,CREATED,track_115
artist_66,CREATED,track_116
artist_54,CREATED,track_117
artist_87,CREATED,track_118
artist_25,CREATED,track_119
artist_67,CREATED,track_120
artist_23,CREATED,track_121
artist_6,CREATED,track_122
artist_3,CREATED,track_123
artist_42,CREATED,track_124
artist_88,CREATED,track_125
artist_80,CREATED,track_126
artist_63,CREATED,track_127
artist_80,CREATED,track_128
artist_36,CREATED,track_129
artist_93,CREATED,track_130
artist_33,CREATED,track_131
artist_40,CREATED,track_132
artist_84,CREATED,track_133
artist_82,CREATED,track_134
artist_51,CREATED,track_135
artist_52,CREATED,track_136
artist_19,CREATED,track_137
artist_32,CREATED,track_138
artist_86,CREATED,track_139
artist_31,CREATED,track_140
artist_39,CREATED,track_141
artist_65,CREATED,track_142
artist_11,CREATED,track_143
artist_76,CREATED,track_144
artist_22,CREATED,track_145
artist_10,CREATED,track_146
artist_32,CREATED,track_147
artist_15,CREATED,track_148
artist_21,CREATED,track_149
artist_6,CREATED,track_150
artist_96,CREATED,track_151
artist_19,CREATED,track_152
artist_51,CREATED,track_153
artist_66,CREATED,track_154
artist_63,CREATED,track_155
artist_74,CREATED,track_156
artist_60,CREATED,track_157
artist_55,CREATED,track_158
artist_58,CREATED,track_159
artist_69,CREATED,track_160
artist_14,CREATED,track_161
artist_25,CREATED,track_162
artist_49,CREATED,track_163
artist_15,CREATED,track_164
artist_37,CREATED,track_165
artist_1,CREATED,track_166
artist_23,CREATED,track_167
artist_42,CREATED,track_168
artist_6,CREATED,track_169
artist_28,CREATED,track_170
artist_62,CREATED,track_171
artist_61,CREATED,track_172
artist_29,CREATED,track_173
artist_9,CREATED,track_174
artist_63,CREATED,track_175
artist_25,CREATED,track_176
artist_87,CREATED,track_177
artist_7,CREATED,track_178
artist_22,CREATED,track_179
artist_51,CREATED,track_180
artist_68,CREATED,track_181
artist_23,CREATED,track_182
artist_40,CREATED,track_183
artist_99,CREATED,track_184
artist_3,CREATED,track_185
artist_1,CREATED,track_186
artist_24,CREATED,track_187
artist_31,CREATED,track_188
artist_18,CREATED,track_189
artist_96,CREATED,track_190
artist_50,CREATED,track_191
artist_62,CREATED,track_192
artist_8,CREATED,track_193
artist_58,CREATED,track_194
artist_71,CREATED,track_195
artist_53,CREATED,track_196
artist_90,CREATED,track_197
artist_91,CREATED,track_198
artist_64,CREATED,track_199
artist_27,CREATED,track_200
artist_91,CREATED,track_201
artist_32,CREATED,track_202
artist_41,CREATED,track_203
artist_81,CREATED,track_204
artist_65,CREATED,track_205
artist_52,CREATED,track_206
artist_29,CREATED,track_207
artist_57,CREATED,track_208
artist_64,CREATED,track_209
artist_73,CREATED,track_210
artist_6,CREATED,track_211
artist_4,CREATED,track_212
artist_92,CREATED,track_213
artist_82,CREATED,track_214
artist_27,CREATED,track_215
artist_32,CREATED,track_216
artist_68,CREATED,track_217
artist_25,CREATED,track_218
artist_95,CREATED,track_219
artist_22,CREATED,track_220
artist_83,CREATED,track_221
artist_29,CREATED,track_222
artist_72,CREATED,track_223
artist_1,CREATED,track_224
artist_40,CREATED,track_225
artist_64,CREATED,track_226
artist_2,CREATED,track_227
artist_68,CREATED,track_228
artist_20,CREATED,track_229
artist_38,CREATED,track_230
artist_96,CREATED,track_231
artist_23,CREATED,track_232
artist_62,CREATED,track_233
artist_54,CREATED,track_234
artist_52,CREATED,track_235
artist_31,CREATED,track_236
artist_91,CREATED,track_237
artist_35,CREATED,track_238
artist_25,CREATED,track_239
artist_64,CREATED,track_240
artist_25,CREATED,track_241
artist_33,CREATED,track_242
artist_37,CREATED,track_243
artist_52,CREATED,track_244
artist_91,CREATED,track_245
artist_6,CREATED,track_246
artist_28,CREATED,track_247
artist_70,CREATED,track_248
artist_8,CREATED,track_249
artist_43,CREATED,track_250
artist_29,CREATED,track_251
artist_35,CREATED,track_252
artist_64,CREATED,track_253
artist_6,CREATED,track_254
artist_48,CREATED,track_255
artist_58,CREATED,track_256
artist_54,CREATED,track_257
artist_87,CREATED,track_258
artist_80,CREATED,track_259
artist_25,CREATED,track_260
artist_49,CREATED,track_261
artist_42,CREATED,track_262
artist_84,CREATED,track_263
artist_11,CREATED,track_264
artist_91,CREATED,track_265
artist_98,CREATED,track_266
artist_11,CREATED,track_267
artist_47,CREATED,track_268
artist_54,CREATED,track_269
artist_96,CREATED,track_270
artist_17,CREATED,track_271
artist_27,CREATED,track_272
artist_51,CREATED,track_273
artist_16,CREATED,track_274
artist_2,CREATED,track_275
artist_48,CREATED,track_276
artist_61,CREATED,track_277
artist_85,CREATED,track_278
artist_65,CREATED,track_279
artist_89,CREATED,track_280
artist_41,CREATED,track_281
artist_33,CREATED,track_282
artist_35,CREATED,track_283
artist_76,CREATED,track_284
artist_84,CREATED,track_285
artist_78,CREATED,track_286
artist_51,CREATED,track_287
artist_77,CREATED,track_288
artist_8,CREATED,track_289
artist_8,CREATED,track_290
artist_87,CREATED,track_291
artist_7,CREATED,track_292
artist_46,CREATED,track_293
artist_14,CREATED,track_294
artist_57,CREATED,track_295
artist_28,CREATED,track_296
artist_29,CREATED,track_297
artist_48,CREATED,track_298
artist_35,CREATED,track_299
artist_43,CREATED,track_300
artist_16,CREATED,track_301
artist_39,CREATED,track_302
artist_63,CREATED,track_303
artist_33,CREATED,track_304
artist_31,CREATED,track_305
artist_42,CREATED,track_306
artist_31,CREATED,track_307
artist_96,CREATED,track_308
artist_78,CREATED,track_309
artist_53,CREATED,track_310
artist_42,CREATED,track_311
artist_55,CREATED,track_312
artist_49,CREATED,track_313
artist_14,CREATED,track_314
artist_84,CREATED,track_315
artist_69,CREATED,track_316
artist_89,CREATED,track_317
artist_58,CREATED,track_318
artist_36,CREATED,track_319
artist_65,CREATED,track_320
artist_74,CREATED,track_321
artist_85,CREATED,track_322
artist_41,CREATED,track_323
artist_47,CREATED,track_324
artist_29,CREATED,track_325
artist_61,CREATED,track_326
artist_65,CREATED,track_327
artist_79,CREATED,track_328
artist_10,CREATED,track_329
artist_26,CREATED,track_330
artist_25,CREATED,track_331
artist_19,CREATED,track_332
artist_40,CREATED,track_333
artist_4,CREATED,track_334
artist_47,CREATED,track_335
artist_31,CREATED,track_336
artist_76,CREATED,track_337
artist_73,CREATED,track_338
artist_27,CREATED,track_339
artist_66,CREATED,track_340
artist_48,CREATED,track_341
artist_79,CREATED,track_342
artist_70,CREATED,track_343
artist_81,CREATED,track_344
artist_39,CREATED,track_345
artist_16,CREATED,track_346
artist_16,CREATED,track_347
artist_37,CREATED,track_348
artist_30,CREATED,track_349
artist_2,CREATED,track_350
artist_93,CREATED,track_351
artist_42,CREATED,track_352
artist_20,CREATED,track_353
artist_56,CREATED,track_354
artist_22,CREATED,track_355
artist_50,CREATED,track_356
artist_55,CREATED,track_357
artist_24,CREATED,track_358
artist_53,CREATED,track_359
artist_72,CREATED,track_360
artist_29,CREATED,track_361
artist_30,CREATED,track_362
artist_5,CREATED,track_363
artist_78,CREATED,track_364
artist_83,CREATED,track_365
artist_27,CREATED,track_366
artist_97,CREATED,track_367
artist_19,CREATED,track_368
artist_76,CREATED,track_369
artist_84,CREATED,track_370
artist_99,CREATED,track_371
artist_33,CREATED,track_372
artist_55,CREATED,track_373
artist_58,CREATED,track_374
artist_38,CREATED,track_375
artist_51,CREATED,track_376
artist_84,CREATED,track_377
artist_23,CREATED,track_378
artist_53,CREATED,track_379
artist_42,CREATED,track_380
artist_19,CREATED,track_381
artist_78,CREATED,track_382
artist_67,CREATED,track_383
artist_60,CREATED,track_384
artist_50,CREATED,track_385
artist_90,CREATED,track_386
artist_27,CREATED,track_387
artist_56,CREATED,track_388
artist_51,CREATED,track_389
artist_82,CREATED,track_390
artist_34,CREATED,track_391
artist_74,CREATED,track_392
artist_69,CREATED,track_393
artist_12,CREATED,track_394
artist_91,CREATED,track_395
artist_64,CREATED,track_396
artist_8,CREATED,track_397
artist_43,CREATED,track_398
artist_43,CREATED,track_399
artist_93,CREATED,track_400
artist_40,CREATED,track_401
artist_52,CREATED,track_402
artist_96,CREATED,track_403
artist_77,CREATED,track_404
artist_57,CREATED,track_405
artist_14,CREATED,track_406
artist_36,CREATED,track_407
artist_22,CREATED,track_408
artist_53,CREATED,track_409
artist_83,CREATED,track_410
artist_70,CREATED,track_411
artist_61,CREATED,track_412
artist_28,CREATED,track_413
artist_92,CREATED,track_414
artist_23,CREATED,track_415
artist_94,CREATED,track_416
artist_20,CREATED,track_417
artist_10,CREATED,track_418
artist_7,CREATED,track_419
artist_5,CREATED,track_420
artist_16,CREATED,track_421
artist_83,CREATED,track_422
artist_6,CREATED,track_423
artist_37,CREATED,track_424
artist_12,CREATED,track_425
artist_18,CREATED,track_426
artist_2,CREATED,track_427
artist_65,CREATED,track_428
artist_88,CREATED,track_429
artist_75,CREATED,track_430
artist_4,CREATED,track_431
artist_55,CREATED,track_432
artist_76,CREATED,track_433
artist_97,CREATED,track_434
artist_37,CREATED,track_435
artist_15,CREATED,track_436
artist_54,CREATED,track_437
artist_70,CREATED,track_438
artist_63,CREATED,track_439
artist_70,CREATED,track_440
artist_5,CREATED,track_441
artist_84,CREATED,track_442
artist_44,CREATED,track_443
artist_68,CREATED,track_444
artist_85,CREATED,track_445
artist_35,CREATED,track_446
artist_17,CREATED,track_447
artist_13,CREATED,track_448
artist_15,CREATED,track_449
artist_3,CREATED,track_450
artist_20,CREATED,track_451
artist_6,CREATED,track_452
artist_84,CREATED,track_453
artist_96,CREATED,track_454
artist_9,CREATED,track_455
artist_69,CREATED,track_456
artist_19,CREATED,track_457
artist_79,CREATED,track_458
artist_66,CREATED,track_459
artist_70,CREATED,track_460
artist_28,CREATED,track_461
artist_64,CREATED,track_462
artist_98,CREATED,track_463
artist_82,CREATED,track_464
artist_3,CREATED,track_465
artist_92,CREATED,track_466
artist_5,CREATED,track_467
artist_62,CREATED,track_468
artist_100,CREATED,track_469
artist_89,CREATED,track_470
artist_35,CREATED,track_471
artist_49,CREATED,track_472
artist_70,CREATED,track_473
artist_98,CREATED,track_474
artist_74,CREATED,track_475
artist_25,CREATED,track_476
artist_50,CREATED,track_477
artist_88,CREATED,track_478
artist_92,CREATED,track_479
artist_74,CREATED,track_480
artist_65,CREATED,track_481
artist_59,CREATED,track_482
artist_34,CREATED,track_483
artist_2,CREATED,track_484
artist_30,CREATED,track_485
artist_79,CREATED,track_486
artist_30,CREATED,track_487
artist_28,CREATED,track_488
artist_40,CREATED,track_489
artist_6,CREATED,track_490
artist_69,CREATED,track_491
artist_66,CREATED,track_492
artist_60,CREATED,track_493
artist_66,CREATED,track_494
artist_86,CREATED,track_495
artist_82,CREATED,track_496
artist_46,CREATED,track_497
artist_65,CREATED,track_498
artist_99,CREATED,track_499
artist_39,CREATED,track_500
album_1,CONTAINS,track_407
album_1,CONTAINS,track_350
album_1,CONTAINS,track_332
album_1,CONTAINS,track_289
album_1,CONTAINS,track_73
album_2,CONTAINS,track_370
album_2,CONTAINS,track_497
album_2,CONTAINS,track_370
album_2,CONTAINS,track_427
album_2,CONTAINS,track_67
album_2,CONTAINS,track_55
album_2,CONTAINS,track_45
album_3,CONTAINS,track_229
album_3,CONTAINS,track_374
album_3,CONTAINS,track_148
album_3,CONTAINS,track_325
album_3,CONTAINS,track_95
album_3,CONTAINS,track_157
album_3,CONTAINS,track_60
album_4,CONTAINS,track_149
album_4,CONTAINS,track_458
album_4,CONTAINS,track_51
album_4,CONTAINS,track_432
album_4,CONTAINS,track_302
album_4,CONTAINS,track_475
album_4,CONTAINS,track_372
album_5,CONTAINS,track_49
album_5,CONTAINS,track_363
album_5,CONTAINS,track_352
album_5,CONTAINS,track_83
album_5,CONTAINS,track_40
album_5,CONTAINS,track_140
album_5,CONTAINS,track_314
album_5,CONTAINS,track_297
album_6,CONTAINS,track_148
album_6,CONTAINS,track_499
album_6,CONTAINS,track_493
album_6,CONTAINS,track_476
album_6,CONTAINS,track_12
album_6,CONTAINS,track_498
album_6,CONTAINS,track_137
album_6,CONTAINS,track_413
album_6,CONTAINS,track_225
album_6,CONTAINS,track_48
album_6,CONTAINS,track_248
album_6,CONTAINS,track_416
album_7,CONTAINS,track_119
album_7,CONTAINS,track_105
album_7,CONTAINS,track_221
album_7,CONTAINS,track_330
album_7,CONTAINS,track_152
album_7,CONTAINS,track_354
album_7,CONTAINS,track_332
album_7,CONTAINS,track_328
album_7,CONTAINS,track_45
album_7,CONTAINS,track_457
album_8,CONTAINS,track_73
album_8,CONTAINS,track_399
album_8,CONTAINS,track_345
album_8,CONTAINS,track_378
album_8,CONTAINS,track_173
album_8,CONTAINS,track_111
album_9,CONTAINS,track_158
album_9,CONTAINS,track_482
album_9,CONTAINS,track_277
album_9,CONTAINS,track_492
album_9,CONTAINS,track_48
album_9,CONTAINS,track_382
album_9,CONTAINS,track_5
album_9,CONTAINS,track_490
album_9,CONTAINS,track_179
album_9,CONTAINS,track_154
album_9,CONTAINS,track_158
album_9,CONTAINS,track_107
album_9,CONTAINS,track_134
album_10,CONTAINS,track_236
album_10,CONTAINS,track_186
album_10,CONTAINS,track_392
album_10,CONTAINS,track_419
album_10,CONTAINS,track_344
album_11,CONTAINS,track_400
album_11,CONTAINS,track_83
album_11,CONTAINS,track_356
album_11,CONTAINS,track_185
album_11,CONTAINS,track_100
album_11,CONTAINS,track_352
album_11,CONTAINS,track_267
album_11,CONTAINS,track_167
album_11,CONTAINS,track_219
album_11,CONTAINS,track_296
album_12,CONTAINS,track_6
album_12,CONTAINS,track_42
album_12,CONTAINS,track_252
album_12,CONTAINS,track_267
album_12,CONTAINS,track_404
album_12,CONTAINS,track_46
album_12,CONTAINS,track_121
album_12,CONTAINS,track_388
album_12,CONTAINS,track_165
album_12,CONTAINS,track_386
album_12,CONTAINS,track_298
album_12,CONTAINS,track_358
album_13,CONTAINS,track_387
album_13,CONTAINS,track_206
album_13,CONTAINS,track_321
album_13,CONTAINS,track_300
album_13,CONTAINS,track_257
album_13,CONTAINS,track_462
album_13,CONTAINS,track_273
album_13,CONTAINS,track_316
album_13,CONTAINS,track_450
album_14,CONTAINS,track_5
album_14,CONTAINS,track_346
album_14,CONTAINS,track_322
album_14,CONTAINS,track_95
album_14,CONTAINS,track_209
album_14,CONTAINS,track_200
album_14,CONTAINS,track_278
album_15,CONTAINS,track_149
album_15,CONTAINS,track_142
album_15,CONTAINS,track_215
album_15,CONTAINS,track_302
album_15,CONTAINS,track_449
album_16,CONTAINS,track_232
album_16,CONTAINS,track_96
album_16,CONTAINS,track_478
album_16,CONTAINS,track_465
album_16,CONTAINS,track_80
album_16,CONTAINS,track_40
album_16,CONTAINS,track_377
album_16,CONTAINS,track_116
album_16,CONTAINS,track_478
album_17,CONTAINS,track_495
album_17,CONTAINS,track_230
album_17,CONTAINS,track_356
album_17,CONTAINS,track_204
album_17,CONTAINS,track_463
album_17,CONTAINS,track_165
album_18,CONTAINS,track_91
album_18,CONTAINS,track_147
album_18,CONTAINS,track_219
album_18,CONTAINS,track_364
album_18,CONTAINS,track_45
album_18,CONTAINS,track_8
album_18,CONTAINS,track_308
album_18,CONTAINS,track_169
album_18,CONTAINS,track_306
album_19,CONTAINS,track_479
album_19,CONTAINS,track_34
album_19,CONTAINS,track_333
album_19,CONTAINS,track_384
album_19,CONTAINS,track_280
album_19,CONTAINS,track_499
album_19,CONTAINS,track_307
album_19,CONTAINS,track_387
album_19,CONTAINS,track_68
album_19,CONTAINS,track_336
album_20,CONTAINS,track_174
album_20,CONTAINS,track_58
album_20,CONTAINS,track_322
album_20,CONTAINS,track_13
album_20,CONTAINS,track_493
album_20,CONTAINS,track_15
album_21,CONTAINS,track_210
album_21,CONTAINS,track_381
album_21,CONTAINS,track_146
album_21,CONTAINS,track_493
album_21,CONTAINS,track_69
album_21,CONTAINS,track_396
album_21,CONTAINS,track_492
album_21,CONTAINS,track_74
album_21,CONTAINS,track_218
album_21,CONTAINS,track_404
album_21,CONTAINS,track_131
album_21,CONTAINS,track_132
album_21,CONTAINS,track_34
album_22,CONTAINS,track_97
album_22,CONTAINS,track_444
album_22,CONTAINS,track_431
album_22,CONTAINS,track_334
album_22,CONTAINS,track_346
album_22,CONTAINS,track_28
album_22,CONTAINS,track_17
album_22,CONTAINS,track_445
album_22,CONTAINS,track_175
album_22,CONTAINS,track_216
album_22,CONTAINS,track_497
album_23,CONTAINS,track_36
album_23,CONTAINS,track_62
album_23,CONTAINS,track_409
album_23,CONTAINS,track_445
album_23,CONTAINS,track_245
album_23,CONTAINS,track_86
album_23,CONTAINS,track_188
album_24,CONTAINS,track_213
album_24,CONTAINS,track_172
album_24,CONTAINS,track_387
album_24,CONTAINS,track_426
album_24,CONTAINS,track_389
album_24,CONTAINS,track_96
album_24,CONTAINS,track_408
album_24,CONTAINS,track_412
album_24,CONTAINS,track_415
album_24,CONTAINS,track_322
album_24,CONTAINS,track_83
album_24,CONTAINS,track_45
album_24,CONTAINS,track_114
album_24,CONTAINS,track_250
album_25,CONTAINS,track_277
album_25,CONTAINS,track_483
album_25,CONTAINS,track_225
album_25,CONTAINS,track_423
album_25,CONTAINS,track_428
album_25,CONTAINS,track_96
album_25,CONTAINS,track_136
album_25,CONTAINS,track_278
album_25,CONTAINS,track_40
album_25,CONTAINS,track_354
album_25,CONTAINS,track_264
album_25,CONTAINS,track_128
album_26,CONTAINS,track_150
album_26,CONTAINS,track_144
album_26,CONTAINS,track_408
album_26,CONTAINS,track_420
album_26,CONTAINS,track_362
album_26,CONTAINS,track_326
album_26,CONTAINS,track_389
album_26,CONTAINS,track_195
album_27,CONTAINS,track_301
album_27,CONTAINS,track_239
album_27,CONTAINS,track_308
album_27,CONTAINS,track_214
album_27,CONTAINS,track_486
album_27,CONTAINS,track_330
album_27,CONTAINS,track_137
album_28,CONTAINS,track_199
album_28,CONTAINS,track_67
album_28,CONTAINS,track_438
album_28,CONTAINS,track_25
album_28,CONTAINS,track_344
album_28,CONTAINS,track_414
album_28,CONTAINS,track_52
album_28,CONTAINS,track_483
album_28,CONTAINS,track_57
album_28,CONTAINS,track_37
album_28,CONTAINS,track_112
album_28,CONTAINS,track_51
album_28,CONTAINS,track_102
album_29,CONTAINS,track_31
album_29,CONTAINS,track_153
album_29,CONTAINS,track_396
album_29,CONTAINS,track_205
album_29,CONTAINS,track_206
album_29,CONTAINS,track_50
album_29,CONTAINS,track_375
album_29,CONTAINS,track_114
album_29,CONTAINS,track_272
album_29,CONTAINS,track_408
album_30,CONTAINS,track_81
album_30,CONTAINS,track_379
album_30,CONTAINS,track_446
album_30,CONTAINS,track_58
album_30,CONTAINS,track_217
album_30,CONTAINS,track_277
album_30,CONTAINS,track_408
album_30,CONTAINS,track_285
album_30,CONTAINS,track_327
album_30,CONTAINS,track_105
album_31,CONTAINS,track_286
album_31,CONTAINS,track_197
album_31,CONTAINS,track_251
album_31,CONTAINS,track_157
album_31,CONTAINS,track_356
album_31,CONTAINS,track_167
album_32,CONTAINS,track_448
album_32,CONTAINS,track_446
album_32,CONTAINS,track_469
album_32,CONTAINS,track_421
album_32,CONTAINS,track_382
album_32,CONTAINS,track_48
album_32,CONTAINS,track_322
album_32,CONTAINS,track_440
album_32,CONTAINS,track_446
album_32,CONTAINS,track_345
album_32,CONTAINS,track_35
album_32,CONTAINS,track_387
album_32,CONTAINS,track_400
album_32,CONTAINS,track_17
album_33,CONTAINS,track_144
album_33,CONTAINS,track_45
album_33,CONTAINS,track_352
album_33,CONTAINS,track_72
album_33,CONTAINS,track_153
album_33,CONTAINS,track_66
album_34,CONTAINS,track_461
album_34,CONTAINS,track_340
album_34,CONTAINS,track_286
album_34,CONTAINS,track_270
album_34,CONTAINS,track_278
album_35,CONTAINS,track_13
album_35,CONTAINS,track_376
album_35,CONTAINS,track_183
album_35,CONTAINS,track_76
album_35,CONTAINS,track_393
album_35,CONTAINS,track_500
album_35,CONTAINS,track_299
album_35,CONTAINS,track_160
album_35,CONTAINS,track_500
album_36,CONTAINS,track_16
album_36,CONTAINS,track_295
album_36,CONTAINS,track_483
album_36,CONTAINS,track_448
album_36,CONTAINS,track_5
album_36,CONTAINS,track_84
album_36,CONTAINS,track_77
album_36,CONTAINS,track_263
album_37,CONTAINS,track_140
album_37,CONTAINS,track_312
album_37,CONTAINS,track_195
album_37,CONTAINS,track_375
album_37,CONTAINS,track_62
album_37,CONTAINS,track_495
album_37,CONTAINS,track_84
album_37,CONTAINS,track_430
album_37,CONTAINS,track_336
album_37,CONTAINS,track_158
album_37,CONTAINS,track_230
album_37,CONTAINS,track_132
album_38,CONTAINS,track_100
album_38,CONTAINS,track_256
album_38,CONTAINS,track_440
album_38,CONTAINS,track_147
album_38,CONTAINS,track_112
album_38,CONTAINS,track_166
album_38,CONTAINS,track_103
album_38,CONTAINS,track_298
album_38,CONTAINS,track_363
album_39,CONTAINS,track_315
album_39,CONTAINS,track_196
album_39,CONTAINS,track_444
album_39,CONTAINS,track_263
album_39,CONTAINS,track_70
album_39,CONTAINS,track_472
album_39,CONTAINS,track_441
album_39,CONTAINS,track_136
album_39,CONTAINS,track_198
album_39,CONTAINS,track_410
album_39,CONTAINS,track_162
album_39,CONTAINS,track_274
album_39,CONTAINS,track_50
album_39,CONTAINS,track_310
album_40,CONTAINS,track_474
album_40,CONTAINS,track_441
album_40,CONTAINS,track_10
album_40,CONTAINS,track_361
album_40,CONTAINS,track_348
album_40,CONTAINS,track_469
album_40,CONTAINS,track_292
album_40,CONTAINS,track_422
album_40,CONTAINS,track_184
album_40,CONTAINS,track_445
album_40,CONTAINS,track_68
album_40,CONTAINS,track_456
album_40,CONTAINS,track_368
album_41,CONTAINS,track_22
album_41,CONTAINS,track_62
album_41,CONTAINS,track_364
album_41,CONTAINS,track_428
album_41,CONTAINS,track_166
album_41,CONTAINS,track_199
album_41,CONTAINS,track_58
album_41,CONTAINS,track_469
album_41,CONTAINS,track_186
album_41,CONTAINS,track_181
album_41,CONTAINS,track_445
album_41,CONTAINS,track_386
album_41,CONTAINS,track_205
album_41,CONTAINS,track_74
album_42,CONTAINS,track_192
album_42,CONTAINS,track_230
album_42,CONTAINS,track_136
album_42,CONTAINS,track_443
album_42,CONTAINS,track_431
album_43,CONTAINS,track_125
album_43,CONTAINS,track_380
album_43,CONTAINS,track_141
album_43,CONTAINS,track_353
album_43,CONTAINS,track_319
album_43,CONTAINS,track_44
album_43,CONTAINS,track_80
album_44,CONTAINS,track_373
album_44,CONTAINS,track_459
album_44,CONTAINS,track_191
album_44,CONTAINS,track_362
album_44,CONTAINS,track_397
album_44,CONTAINS,track_99
album_44,CONTAINS,track_194
album_44,CONTAINS,track_70
album_44,CONTAINS,track_137
album_45,CONTAINS,track_209
album_45,CONTAINS,track_403
album_45,CONTAINS,track_315
album_45,CONTAINS,track_195
album_45,CONTAINS,track_50
album_46,CONTAINS,track_357
album_46,CONTAINS,track_442
album_46,CONTAINS,track_2
album_46,CONTAINS,track_33
album_46,CONTAINS,track_45
album_46,CONTAINS,track_62
album_46,CONTAINS,track_314
album_47,CONTAINS,track_465
album_47,CONTAINS,track_305
album_47,CONTAINS,track_71
album_47,CONTAINS,track_371
album_47,CONTAINS,track_343
album_47,CONTAINS,track_473
album_47,CONTAINS,track_436
album_47,CONTAINS,track_201
album_47,CONTAINS,track_335
album_47,CONTAINS,track_92
album_47,CONTAINS,track_263
album_47,CONTAINS,track_344
album_48,CONTAINS,track_264
album_48,CONTAINS,track_72
album_48,CONTAINS,track_125
album_48,CONTAINS,track_143
album_48,CONTAINS,track_243
album_48,CONTAINS,track_492
album_48,CONTAINS,track_434
album_48,CONTAINS,track_487
album_49,CONTAINS,track_124
album_49,CONTAINS,track_192
album_49,CONTAINS,track_386
album_49,CONTAINS,track_177
album_49,CONTAINS,track_333
album_49,CONTAINS,track_426
album_49,CONTAINS,track_420
album_49,CONTAINS,track_95
album_49,CONTAINS,track_313
album_49,CONTAINS,track_303
album_49,CONTAINS,track_362
album_49,CONTAINS,track_183
album_50,CONTAINS,track_21
album_50,CONTAINS,track_458
album_50,CONTAINS,track_429
album_50,CONTAINS,track_389
album_50,CONTAINS,track_116
album_50,CONTAINS,track_26
album_50,CONTAINS,track_422
album_50,CONTAINS,track_374
album_51,CONTAINS,track_405
album_51,CONTAINS,track_205
album_51,CONTAINS,track_281
album_51,CONTAINS,track_462
album_51,CONTAINS,track_192
album_51,CONTAINS,track_412
album_51,CONTAINS,track_36
album_51,CONTAINS,track_288
album_52,CONTAINS,track_340
album_52,CONTAINS,track_486
album_52,CONTAINS,track_173
album_52,CONTAINS,track_354
album_52,CONTAINS,track_322
album_52,CONTAINS,track_399
album_53,CONTAINS,track_143
album_53,CONTAINS,track_72
album_53,CONTAINS,track_365
album_53,CONTAINS,track_255
album_53,CONTAINS,track_450
album_53,CONTAINS,track_292
album_53,CONTAINS,track_95
album_53,CONTAINS,track_372
album_53,CONTAINS,track_198
album_54,CONTAINS,track_205
album_54,CONTAINS,track_369
album_54,CONTAINS,track_154
album_54,CONTAINS,track_312
album_54,CONTAINS,track_303
album_54,CONTAINS,track_295
album_54,CONTAINS,track_119
album_54,CONTAINS,track_498
album_54,CONTAINS,track_237
album_54,CONTAINS,track_21
album_54,CONTAINS,track_85
album_54,CONTAINS,track_110
album_54,CONTAINS,track_186
album_55,CONTAINS,track_331
album_55,CONTAINS,track_73
album_55,CONTAINS,track_488
album_55,CONTAINS,track_230
album_55,CONTAINS,track_9
album_55,CONTAINS,track_172
album_55,CONTAINS,track_426
album_55,CONTAINS,track_402
album_55,CONTAINS,track_476
album_55,CONTAINS,track_328
album_55,CONTAINS,track_39
album_56,CONTAINS,track_4
album_56,CONTAINS,track_367
album_56,CONTAINS,track_65
album_56,CONTAINS,track_417
album_56,CONTAINS,track_412
album_56,CONTAINS,track_211
album_56,CONTAINS,track_1
album_57,CONTAINS,track_165
album_57,CONTAINS,track_404
album_57,CONTAINS,track_150
album_57,CONTAINS,track_455
album_57,CONTAINS,track_66
album_57,CONTAINS,track_455
album_57,CONTAINS,track_213
album_57,CONTAINS,track_412
album_58,CONTAINS,track_296
album_58,CONTAINS,track_112
album_58,CONTAINS,track_215
album_58,CONTAINS,track_478
album_58,CONTAINS,track_186
album_58,CONTAINS,track_54
album_58,CONTAINS,track_431
album_58,CONTAINS,track_332
album_59,CONTAINS,track_376
album_59,CONTAINS,track_397
album_59,CONTAINS,track_80
album_59,CONTAINS,track_357
album_59,CONTAINS,track_487
album_59,CONTAINS,track_418
album_60,CONTAINS,track_218
album_60,CONTAINS,track_15
album_60,CONTAINS,track_429
album_60,CONTAINS,track_94
album_60,CONTAINS,track_99
album_60,CONTAINS,track_222
album_60,CONTAINS,track_35
album_60,CONTAINS,track_30
album_60,CONTAINS,track_455
album_60,CONTAINS,track_115
album_60,CONTAINS,track_312
album_60,CONTAINS,track_246
album_60,CONTAINS,track_34
album_61,CONTAINS,track_389
album_61,CONTAINS,track_415
album_61,CONTAINS,track_427
album_61,CONTAINS,track_476
album_61,CONTAINS,track_196
album_61,CONTAINS,track_22
album_61,CONTAINS,track_99
album_62,CONTAINS,track_394
album_62,CONTAINS,track_17
album_62,CONTAINS,track_107
album_62,CONTAINS,track_419
album_62,CONTAINS,track_389
album_62,CONTAINS,track_232
album_62,CONTAINS,track_153
album_62,CONTAINS,track_492
album_62,CONTAINS,track_413
album_62,CONTAINS,track_196
album_62,CONTAINS,track_419
album_62,CONTAINS,track_448
album_63,CONTAINS,track_388
album_63,CONTAINS,track_72
album_63,CONTAINS,track_305
album_63,CONTAINS,track_289
album_63,CONTAINS,track_397
album_63,CONTAINS,track_306
album_63,CONTAINS,track_224
album_63,CONTAINS,track_48
album_63,CONTAINS,track_252
album_63,CONTAINS,track_366
album_63,CONTAINS,track_399
album_63,CONTAINS,track_363
album_63,CONTAINS,track_24
album_63,CONTAINS,track_194
album_64,CONTAINS,track_406
album_64,CONTAINS,track_303
album_64,CONTAINS,track_280
album_64,CONTAINS,track_410
album_64,CONTAINS,track_386
album_64,CONTAINS,track_287
album_65,CONTAINS,track_382
album_65,CONTAINS,track_407
album_65,CONTAINS,track_76
album_65,CONTAINS,track_277
album_65,CONTAINS,track_492
album_65,CONTAINS,track_137
album_65,CONTAINS,track_367
album_65,CONTAINS,track_18
album_65,CONTAINS,track_199
album_65,CONTAINS,track_411
album_65,CONTAINS,track_368
album_65,CONTAINS,track_372
album_65,CONTAINS,track_454
album_65,CONTAINS,track_118
album_66,CONTAINS,track_462
album_66,CONTAINS,track_153
album_66,CONTAINS,track_267
album_66,CONTAINS,track_34
album_66,CONTAINS,track_488
album_66,CONTAINS,track_140
album_66,CONTAINS,track_82
album_66,CONTAINS,track_494
album_66,CONTAINS,track_190
album_67,CONTAINS,track_349
album_67,CONTAINS,track_154
album_67,CONTAINS,track_102
album_67,CONTAINS,track_110
album_67,CONTAINS,track_223
album_67,CONTAINS,track_186
album_67,CONTAINS,track_416
album_68,CONTAINS,track_66
album_68,CONTAINS,track_346
album_68,CONTAINS,track_479
album_68,CONTAINS,track_316
album_68,CONTAINS,track_26
album_69,CONTAINS,track_402
album_69,CONTAINS,track_263
album_69,CONTAINS,track_225
album_69,CONTAINS,track_151
album_69,CONTAINS,track_352
album_69,CONTAINS,track_349
album_69,CONTAINS,track_264
album_69,CONTAINS,track_78
album_69,CONTAINS,track_3
album_70,CONTAINS,track_477
album_70,CONTAINS,track_155
album_70,CONTAINS,track_415
album_70,CONTAINS,track_16
album_70,CONTAINS,track_134
album_70,CONTAINS,track_331
album_70,CONTAINS,track_38
album_70,CONTAINS,track_369
album_70,CONTAINS,track_393
album_70,CONTAINS,track_258
album_70,CONTAINS,track_273
album_70,CONTAINS,track_231
album_70,CONTAINS,track_200
album_70,CONTAINS,track_472
album_71,CONTAINS,track_474
album_71,CONTAINS,track_433
album_71,CONTAINS,track_242
album_71,CONTAINS,track_28
album_71,CONTAINS,track_301
album_71,CONTAINS,track_430
album_71,CONTAINS,track_219
album_71,CONTAINS,track_342
album_71,CONTAINS,track_322
album_71,CONTAINS,track_321
album_71,CONTAINS,track_271
album_72,CONTAINS,track_186
album_72,CONTAINS,track_356
album_72,CONTAINS,track_39
album_72,CONTAINS,track_202
album_72,CONTAINS,track_279
album_72,CONTAINS,track_282
album_73,CONTAINS,track_22
album_73,CONTAINS,track_40
album_73,CONTAINS,track_467
album_73,CONTAINS,track_2
album_73,CONTAINS,track_419
album_73,CONTAINS,track_343
album_73,CONTAINS,track_288
album_73,CONTAINS,track_180
album_73,CONTAINS,track_500
album_73,CONTAINS,track_421
album_73,CONTAINS,track_376
album_73,CONTAINS,track_408
album_73,CONTAINS,track_292
album_74,CONTAINS,track_149
album_74,CONTAINS,track_346
album_74,CONTAINS,track_8
album_74,CONTAINS,track_51
album_74,CONTAINS,track_129
album_74,CONTAINS,track_446
album_74,CONTAINS,track_200
album_74,CONTAINS,track_389
album_74,CONTAINS,track_435
album_75,CONTAINS,track_491
album_75,CONTAINS,track_205
album_75,CONTAINS,track_136
album_75,CONTAINS,track_328
album_75,CONTAINS,track_112
album_75,CONTAINS,track_174
album_75,CONTAINS,track_278
album_75,CONTAINS,track_328
album_75,CONTAINS,track_213
album_75,CONTAINS,track_187
album_75,CONTAINS,track_376
album_75,CONTAINS,track_153
album_76,CONTAINS,track_97
album_76,CONTAINS,track_137
album_76,CONTAINS,track_271
album_76,CONTAINS,track_109
album_76,CONTAINS,track_393
album_76,CONTAINS,track_314
album_76,CONTAINS,track_338
album_76,CONTAINS,track_499
album_76,CONTAINS,track_60
album_76,CONTAINS,track_144
album_76,CONTAINS,track_325
album_76,CONTAINS,track_4
album_76,CONTAINS,track_440
album_77,CONTAINS,track_141
album_77,CONTAINS,track_190
album_77,CONTAINS,track_472
album_77,CONTAINS,track_277
album_77,CONTAINS,track_496
album_77,CONTAINS,track_30
album_77,CONTAINS,track_72
album_77,CONTAINS,track_167
album_78,CONTAINS,track_228
album_78,CONTAINS,track_228
album_78,CONTAINS,track_395
album_78,CONTAINS,track_46
album_78,CONTAINS,track_411
album_78,CONTAINS,track_321
album_78,CONTAINS,track_433
album_78,CONTAINS,track_50
album_78,CONTAINS,track_275
album_78,CONTAINS,track_398
album_79,CONTAINS,track_218
album_79,CONTAINS,track_197
album_79,CONTAINS,track_22
album_79,CONTAINS,track_497
album_79,CONTAINS,track_18
album_79,CONTAINS,track_428
album_79,CONTAINS,track_480
album_80,CONTAINS,track_187
album_80,CONTAINS,track_212
album_80,CONTAINS,track_57
album_80,CONTAINS,track_366
album_80,CONTAINS,track_241
album_80,CONTAINS,track_146
album_80,CONTAINS,track_182
album_80,CONTAINS,track_278
album_80,CONTAINS,track_97
album_81,CONTAINS,track_76
album_81,CONTAINS,track_292
album_81,CONTAINS,track_14
album_81,CONTAINS,track_198
album_81,CONTAINS,track_111
album_81,CONTAINS,track_371
album_81,CONTAINS,track_437
album_81,CONTAINS,track_336
album_81,CONTAINS,track_349
album_81,CONTAINS,track_347
album_82,CONTAINS,track_419
album_82,CONTAINS,track_453
album_82,CONTAINS,track_122
album_82,CONTAINS,track_387
album_82,CONTAINS,track_44
album_82,CONTAINS,track_31
album_82,CONTAINS,track_198
album_82,CONTAINS,track_476
album_82,CONTAINS,track_227
album_83,CONTAINS,track_280
album_83,CONTAINS,track_481
album_83,CONTAINS,track_80
album_83,CONTAINS,track_296
album_83,CONTAINS,track_29
album_83,CONTAINS,track_116
album_83,CONTAINS,track_107
album_83,CONTAINS,track_247
album_83,CONTAINS,track_187
album_83,CONTAINS,track_389
album_83,CONTAINS,track_490
album_83,CONTAINS,track_7
album_84,CONTAINS,track_14
album_84,CONTAINS,track_322
album_84,CONTAINS,track_295
album_84,CONTAINS,track_481
album_84,CONTAINS,track_43
album_84,CONTAINS,track_478
album_84,CONTAINS,track_144
album_84,CONTAINS,track_148
album_84,CONTAINS,track_335
album_84,CONTAINS,track_281
album_84,CONTAINS,track_85
album_84,CONTAINS,track_331
album_84,CONTAINS,track_192
album_85,CONTAINS,track_176
album_85,CONTAINS,track_372
album_85,CONTAINS,track_389
album_85,CONTAINS,track_358
album_85,CONTAINS,track_233
album_85,CONTAINS,track_384
album_85,CONTAINS,track_433
album_85,CONTAINS,track_185
album_85,CONTAINS,track_386
album_85,CONTAINS,track_243
album_85,CONTAINS,track_303
album_85,CONTAINS,track_73
album_85,CONTAINS,track_468
album_85,CONTAINS,track_487
album_86,CONTAINS,track_138
album_86,CONTAINS,track_479
album_86,CONTAINS,track_92
album_86,CONTAINS,track_447
album_86,CONTAINS,track_453
album_87,CONTAINS,track_27
album_87,CONTAINS,track_305
album_87,CONTAINS,track_107
album_87,CONTAINS,track_420
album_87,CONTAINS,track_367
album_87,CONTAINS,track_131
album_88,CONTAINS,track_265
album_88,CONTAINS,track_485
album_88,CONTAINS,track_295
album_88,CONTAINS,track_385
album_88,CONTAINS,track_193
album_89,CONTAINS,track_457
album_89,CONTAINS,track_231
album_89,CONTAINS,track_465
album_89,CONTAINS,track_464
album_89,CONTAINS,track_428
album_89,CONTAINS,track_79
album_89,CONTAINS,track_315
album_89,CONTAINS,track_111
album_90,CONTAINS,track_371
album_90,CONTAINS,track_392
album_90,CONTAINS,track_3
album_90,CONTAINS,track_144
album_90,CONTAINS,track_422
album_90,CONTAINS,track_41
album_90,CONTAINS,track_305
album_90,CONTAINS,track_340
album_90,CONTAINS,track_308
album_90,CONTAINS,track_172
album_90,CONTAINS,track_486
album_90,CONTAINS,track_381
album_91,CONTAINS,track_279
album_91,CONTAINS,track_408
album_91,CONTAINS,track_218
album_91,CONTAINS,track_369
album_91,CONTAINS,track_179
album_91,CONTAINS,track_105
album_91,CONTAINS,track_484
album_91,CONTAINS,track_8
album_91,CONTAINS,track_473
album_91,CONTAINS,track_419
album_91,CONTAINS,track_253
album_91,CONTAINS,track_385
album_92,CONTAINS,track_327
album_92,CONTAINS,track_53
album_92,CONTAINS,track_417
album_92,CONTAINS,track_432
album_92,CONTAINS,track_160
album_92,CONTAINS,track_336
album_92,CONTAINS,track_377
album_92,CONTAINS,track_279
album_92,CONTAINS,track_306
album_92,CONTAINS,track_137
album_92,CONTAINS,track_348
album_92,CONTAINS,track_4
album_93,CONTAINS,track_174
album_93,CONTAINS,track_267
album_93,CONTAINS,track_466
album_93,CONTAINS,track_375
album_93,CONTAINS,track_269
album_93,CONTAINS,track_233
album_94,CONTAINS,track_459
album_94,CONTAINS,track_453
album_94,CONTAINS,track_408
album_94,CONTAINS,track_131
album_94,CONTAINS,track_125
album_94,CONTAINS,track_234
album_94,CONTAINS,track_256
album_94,CONTAINS,track_331
album_94,CONTAINS,track_466
album_94,CONTAINS,track_163
album_94,CONTAINS,track_252
album_94,CONTAINS,track_90
album_94,CONTAINS,track_78
album_95,CONTAINS,track_229
album_95,CONTAINS,track_156
album_95,CONTAINS,track_135
album_95,CONTAINS,track_499
album_95,CONTAINS,track_115
album_95,CONTAINS,track_16
album_95,CONTAINS,track_370
album_95,CONTAINS,track_29
album_95,CONTAINS,track_118
album_95,CONTAINS,track_409
album_95,CONTAINS,track_89
album_95,CONTAINS,track_299
album_96,CONTAINS,track_89
album_96,CONTAINS,track_339
album_96,CONTAINS,track_142
album_96,CONTAINS,track_12
album_96,CONTAINS,track_147
album_96,CONTAINS,track_25
album_96,CONTAINS,track_200
album_96,CONTAINS,track_498
album_96,CONTAINS,track_345
album_96,CONTAINS,track_282
album_97,CONTAINS,track_483
album_97,CONTAINS,track_160
album_97,CONTAINS,track_360
album_97,CONTAINS,track_288
album_97,CONTAINS,track_90
album_97,CONTAINS,track_496
album_97,CONTAINS,track_12
album_97,CONTAINS,track_277
album_97,CONTAINS,track_295
album_97,CONTAINS,track_139
album_97,CONTAINS,track_381
album_97,CONTAINS,track_370
album_97,CONTAINS,track_312
album_98,CONTAINS,track_230
album_98,CONTAINS,track_281
album_98,CONTAINS,track_73
album_98,CONTAINS,track_116
album_98,CONTAINS,track_87
album_98,CONTAINS,track_59
album_98,CONTAINS,track_445
album_98,CONTAINS,track_334
album_99,CONTAINS,track_164
album_99,CONTAINS,track_478
album_99,CONTAINS,track_305
album_99,CONTAINS,track_105
album_99,CONTAINS,track_337
album_99,CONTAINS,track_10
album_99,CONTAINS,track_498
album_99,CONTAINS,track_55
album_99,CONTAINS,track_490
album_99,CONTAINS,track_382
album_100,CONTAINS,track_173
album_100,CONTAINS,track_387
album_100,CONTAINS,track_57
album_100,CONTAINS,track_444
album_100,CONTAINS,track_308
album_100,CONTAINS,track_307
album_100,CONTAINS,track_343
album_101,CONTAINS,track_473
album_101,CONTAINS,track_55
album_101,CONTAINS,track_351
album_101,CONTAINS,track_465
album_101,CONTAINS,track_496
album_101,CONTAINS,track_198
album_101,CONTAINS,track_314
album_101,CONTAINS,track_335
album_101,CONTAINS,track_451
album_101,CONTAINS,track_325
album_101,CONTAINS,track_89
album_102,CONTAINS,track_71
album_102,CONTAINS,track_386
album_102,CONTAINS,track_485
album_102,CONTAINS,track_263
album_102,CONTAINS,track_422
album_102,CONTAINS,track_446
album_102,CONTAINS,track_377
album_102,CONTAINS,track_288
album_102,CONTAINS,track_238
album_103,CONTAINS,track_208
album_103,CONTAINS,track_13
album_103,CONTAINS,track_398
album_103,CONTAINS,track_141
album_103,CONTAINS,track_383
album_103,CONTAINS,track_5
album_103,CONTAINS,track_364
album_103,CONTAINS,track_457
album_103,CONTAINS,track_297
album_104,CONTAINS,track_127
album_104,CONTAINS,track_59
album_104,CONTAINS,track_205
album_104,CONTAINS,track_298
album_104,CONTAINS,track_241
album_104,CONTAINS,track_433
album_104,CONTAINS,track_64
album_105,CONTAINS,track_17
album_105,CONTAINS,track_94
album_105,CONTAINS,track_58
album_105,CONTAINS,track_378
album_105,CONTAINS,track_307
album_105,CONTAINS,track_269
album_105,CONTAINS,track_20
album_105,CONTAINS,track_333
album_105,CONTAINS,track_488
album_105,CONTAINS,track_319
album_105,CONTAINS,track_355
album_105,CONTAINS,track_316
album_105,CONTAINS,track_77
album_106,CONTAINS,track_234
album_106,CONTAINS,track_419
album_106,CONTAINS,track_79
album_106,CONTAINS,track_157
album_106,CONTAINS,track_75
album_106,CONTAINS,track_11
album_106,CONTAINS,track_82
album_106,CONTAINS,track_191
album_107,CONTAINS,track_258
album_107,CONTAINS,track_3
album_107,CONTAINS,track_210
album_107,CONTAINS,track_494
album_107,CONTAINS,track_461
album_107,CONTAINS,track_135
album_107,CONTAINS,track_482
album_107,CONTAINS,track_27
album_107,CONTAINS,track_390
album_107,CONTAINS,track_221
album_107,CONTAINS,track_304
album_107,CONTAINS,track_200
album_107,CONTAINS,track_463
album_108,CONTAINS,track_368
album_108,CONTAINS,track_123
album_108,CONTAINS,track_158
album_108,CONTAINS,track_409
album_108,CONTAINS,track_337
album_109,CONTAINS,track_21
album_109,CONTAINS,track_435
album_109,CONTAINS,track_500
album_109,CONTAINS,track_281
album_109,CONTAINS,track_254
album_109,CONTAINS,track_230
album_109,CONTAINS,track_65
album_109,CONTAINS,track_165
album_109,CONTAINS,track_351
album_109,CONTAINS,track_205
album_110,CONTAINS,track_232
album_110,CONTAINS,track_12
album_110,CONTAINS,track_262
album_110,CONTAINS,track_398
album_110,CONTAINS,track_176
album_111,CONTAINS,track_205
album_111,CONTAINS,track_153
album_111,CONTAINS,track_496
album_111,CONTAINS,track_322
album_111,CONTAINS,track_113
album_111,CONTAINS,track_177
album_111,CONTAINS,track_468
album_111,CONTAINS,track_437
album_112,CONTAINS,track_305
album_112,CONTAINS,track_436
album_112,CONTAINS,track_373
album_112,CONTAINS,track_5
album_112,CONTAINS,track_8
album_112,CONTAINS,track_6
album_112,CONTAINS,track_94
album_112,CONTAINS,track_339
album_112,CONTAINS,track_15
album_112,CONTAINS,track_164
album_112,CONTAINS,track_250
album_112,CONTAINS,track_139
album_113,CONTAINS,track_104
album_113,CONTAINS,track_87
album_113,CONTAINS,track_100
album_113,CONTAINS,track_343
album_113,CONTAINS,track_105
album_114,CONTAINS,track_193
album_114,CONTAINS,track_149
album_114,CONTAINS,track_57
album_114,CONTAINS,track_159
album_114,CONTAINS,track_465
album_114,CONTAINS,track_171
album_114,CONTAINS,track_162
album_114,CONTAINS,track_327
album_115,CONTAINS,track_141
album_115,CONTAINS,track_141
album_115,CONTAINS,track_441
album_115,CONTAINS,track_123
album_115,CONTAINS,track_324
album_115,CONTAINS,track_307
album_115,CONTAINS,track_290
album_115,CONTAINS,track_186
album_116,CONTAINS,track_151
album_116,CONTAINS,track_452
album_116,CONTAINS,track_464
album_116,CONTAINS,track_420
album_116,CONTAINS,track_105
album_116,CONTAINS,track_53
album_116,CONTAINS,track_86
album_117,CONTAINS,track_217
album_117,CONTAINS,track_377
album_117,CONTAINS,track_39
album_117,CONTAINS,track_344
album_117,CONTAINS,track_181
album_117,CONTAINS,track_384
album_117,CONTAINS,track_408
album_118,CONTAINS,track_214
album_118,CONTAINS,track_303
album_118,CONTAINS,track_37
album_118,CONTAINS,track_291
album_118,CONTAINS,track_284
album_118,CONTAINS,track_119
album_118,CONTAINS,track_150
album_118,CONTAINS,track_125
album_118,CONTAINS,track_449
album_118,CONTAINS,track_212
album_119,CONTAINS,track_417
album_119,CONTAINS,track_441
album_119,CONTAINS,track_78
album_119,CONTAINS,track_383
album_119,CONTAINS,track_126
album_119,CONTAINS,track_382
album_120,CONTAINS,track_398
album_120,CONTAINS,track_316
album_120,CONTAINS,track_483
album_120,CONTAINS,track_94
album_120,CONTAINS,track_322
album_120,CONTAINS,track_378
album_120,CONTAINS,track_491
album_120,CONTAINS,track_117
album_120,CONTAINS,track_136
album_120,CONTAINS,track_164
album_121,CONTAINS,track_330
album_121,CONTAINS,track_212
album_121,CONTAINS,track_299
album_121,CONTAINS,track_225
album_121,CONTAINS,track_175
album_121,CONTAINS,track_133
album_121,CONTAINS,track_355
album_121,CONTAINS,track_488
album_121,CONTAINS,track_97
album_121,CONTAINS,track_352
album_121,CONTAINS,track_421
album_122,CONTAINS,track_296
album_122,CONTAINS,track_108
album_122,CONTAINS,track_66
album_122,CONTAINS,track_230
album_122,CONTAINS,track_255
album_122,CONTAINS,track_384
album_123,CONTAINS,track_34
album_123,CONTAINS,track_5
album_123,CONTAINS,track_165
album_123,CONTAINS,track_340
album_123,CONTAINS,track_318
album_123,CONTAINS,track_245
album_123,CONTAINS,track_470
album_123,CONTAINS,track_350
album_123,CONTAINS,track_467
album_123,CONTAINS,track_481
album_123,CONTAINS,track_124
album_123,CONTAINS,track_219
album_124,CONTAINS,track_486
album_124,CONTAINS,track_432
album_124,CONTAINS,track_381
album_124,CONTAINS,track_259
album_124,CONTAINS,track_207
album_124,CONTAINS,track_275
album_124,CONTAINS,track_432
album_124,CONTAINS,track_179
album_124,CONTAINS,track_4
album_124,CONTAINS,track_136
album_125,CONTAINS,track_200
album_125,CONTAINS,track_130
album_125,CONTAINS,track_374
album_125,CONTAINS,track_137
album_125,CONTAINS,track_26
album_125,CONTAINS,track_381
album_125,CONTAINS,track_73
album_125,CONTAINS,track_15
album_126,CONTAINS,track_346
album_126,CONTAINS,track_399
album_126,CONTAINS,track_360
album_126,CONTAINS,track_379
album_126,CONTAINS,track_193
album_127,CONTAINS,track_128
album_127,CONTAINS,track_184
album_127,CONTAINS,track_248
album_127,CONTAINS,track_356
album_127,CONTAINS,track_498
album_127,CONTAINS,track_233
album_127,CONTAINS,track_379
album_127,CONTAINS,track_47
album_127,CONTAINS,track_212
album_127,CONTAINS,track_409
album_128,CONTAINS,track_469
album_128,CONTAINS,track_285
album_128,CONTAINS,track_406
album_128,CONTAINS,track_250
album_128,CONTAINS,track_395
album_128,CONTAINS,track_63
album_128,CONTAINS,track_170
album_129,CONTAINS,track_169
album_129,CONTAINS,track_31
album_129,CONTAINS,track_440
album_129,CONTAINS,track_49
album_129,CONTAINS,track_360
album_129,CONTAINS,track_286
album_129,CONTAINS,track_493
album_129,CONTAINS,track_403
album_129,CONTAINS,track_496
album_129,CONTAINS,track_11
album_129,CONTAINS,track_428
album_129,CONTAINS,track_311
album_129,CONTAINS,track_273
album_130,CONTAINS,track_97
album_130,CONTAINS,track_216
album_130,CONTAINS,track_378
album_130,CONTAINS,track_83
album_130,CONTAINS,track_81
album_130,CONTAINS,track_69
album_130,CONTAINS,track_451
album_131,CONTAINS,track_155
album_131,CONTAINS,track_286
album_131,CONTAINS,track_335
album_131,CONTAINS,track_404
album_131,CONTAINS,track_348
album_131,CONTAINS,track_415
album_131,CONTAINS,track_110
album_131,CONTAINS,track_53
album_131,CONTAINS,track_246
album_132,CONTAINS,track_378
album_132,CONTAINS,track_120
album_132,CONTAINS,track_339
album_132,CONTAINS,track_20
album_132,CONTAINS,track_225
album_132,CONTAINS,track_439
album_132,CONTAINS,track_75
album_132,CONTAINS,track_26
album_132,CONTAINS,track_27
album_133,CONTAINS,track_115
album_133,CONTAINS,track_9
album_133,CONTAINS,track_43
album_133,CONTAINS,track_47
album_133,CONTAINS,track_181
album_133,CONTAINS,track_54
album_133,CONTAINS,track_109
album_133,CONTAINS,track_296
album_133,CONTAINS,track_341
album_134,CONTAINS,track_441
album_134,CONTAINS,track_128
album_134,CONTAINS,track_70
album_134,CONTAINS,track_343
album_134,CONTAINS,track_32
album_134,CONTAINS,track_336
album_134,CONTAINS,track_164
album_134,CONTAINS,track_120
album_134,CONTAINS,track_142
album_134,CONTAINS,track_150
album_134,CONTAINS,track_422
album_134,CONTAINS,track_363
album_134,CONTAINS,track_228
album_134,CONTAINS,track_203
album_135,CONTAINS,track_303
album_135,CONTAINS,track_351
album_135,CONTAINS,track_330
album_135,CONTAINS,track_201
album_135,CONTAINS,track_430
album_135,CONTAINS,track_65
album_135,CONTAINS,track_47
album_135,CONTAINS,track_354
album_135,CONTAINS,track_415
album_135,CONTAINS,track_416
album_135,CONTAINS,track_84
album_135,CONTAINS,track_244
album_136,CONTAINS,track_30
album_136,CONTAINS,track_224
album_136,CONTAINS,track_297
album_136,CONTAINS,track_234
album_136,CONTAINS,track_227
album_136,CONTAINS,track_47
album_136,CONTAINS,track_358
album_136,CONTAINS,track_262
album_136,CONTAINS,track_419
album_137,CONTAINS,track_82
album_137,CONTAINS,track_194
album_137,CONTAINS,track_204
album_137,CONTAINS,track_129
album_137,CONTAINS,track_252
album_137,CONTAINS,track_328
album_137,CONTAINS,track_322
album_137,CONTAINS,track_73
album_137,CONTAINS,track_411
album_137,CONTAINS,track_63
album_138,CONTAINS,track_62
album_138,CONTAINS,track_367
album_138,CONTAINS,track_228
album_138,CONTAINS,track_114
album_138,CONTAINS,track_279
album_138,CONTAINS,track_70
album_138,CONTAINS,track_271
album_138,CONTAINS,track_229
album_138,CONTAINS,track_232
album_138,CONTAINS,track_278
album_138,CONTAINS,track_141
album_138,CONTAINS,track_224
album_138,CONTAINS,track_311
album_139,CONTAINS,track_229
album_139,CONTAINS,track_71
album_139,CONTAINS,track_93
album_139,CONTAINS,track_57
album_139,CONTAINS,track_398
album_139,CONTAINS,track_427
album_139,CONTAINS,track_131
album_139,CONTAINS,track_334
album_139,CONTAINS,track_38
album_139,CONTAINS,track_453
album_140,CONTAINS,track_63
album_140,CONTAINS,track_234
album_140,CONTAINS,track_360
album_140,CONTAINS,track_134
album_140,CONTAINS,track_219
album_141,CONTAINS,track_55
album_141,CONTAINS,track_389
album_141,CONTAINS,track_79
album_141,CONTAINS,track_392
album_141,CONTAINS,track_341
album_141,CONTAINS,track_435
album_141,CONTAINS,track_132
album_141,CONTAINS,track_429
album_141,CONTAINS,track_170
album_141,CONTAINS,track_493
album_141,CONTAINS,track_119
album_141,CONTAINS,track_429
album_141,CONTAINS,track_241
album_141,CONTAINS,track_356
album_142,CONTAINS,track_14
album_142,CONTAINS,track_346
album_142,CONTAINS,track_469
album_142,CONTAINS,track_485
album_142,CONTAINS,track_399
album_142,CONTAINS,track_126
album_143,CONTAINS,track_148
album_143,CONTAINS,track_378
album_143,CONTAINS,track_371
album_143,CONTAINS,track_485
album_143,CONTAINS,track_445
album_143,CONTAINS,track_297
album_143,CONTAINS,track_363
album_143,CONTAINS,track_378
album_143,CONTAINS,track_59
album_143,CONTAINS,track_287
album_143,CONTAINS,track_136
album_144,CONTAINS,track_105
album_144,CONTAINS,track_269
album_144,CONTAINS,track_8
album_144,CONTAINS,track_423
album_144,CONTAINS,track_256
album_144,CONTAINS,track_311
album_144,CONTAINS,track_31
album_144,CONTAINS,track_211
album_145,CONTAINS,track_123
album_145,CONTAINS,track_141
album_145,CONTAINS,track_222
album_145,CONTAINS,track_198
album_145,CONTAINS,track_348
album_145,CONTAINS,track_299
album_145,CONTAINS,track_254
album_145,CONTAINS,track_207
album_145,CONTAINS,track_129
album_145,CONTAINS,track_291
album_146,CONTAINS,track_393
album_146,CONTAINS,track_88
album_146,CONTAINS,track_93
album_146,CONTAINS,track_368
album_146,CONTAINS,track_477
album_146,CONTAINS,track_39
album_146,CONTAINS,track_279
album_146,CONTAINS,track_408
album_147,CONTAINS,track_70
album_147,CONTAINS,track_142
album_147,CONTAINS,track_366
album_147,CONTAINS,track_42
album_147,CONTAINS,track_500
album_147,CONTAINS,track_463
album_147,CONTAINS,track_198
album_147,CONTAINS,track_252
album_147,CONTAINS,track_117
album_147,CONTAINS,track_295
album_148,CONTAINS,track_162
album_148,CONTAINS,track_50
album_148,CONTAINS,track_249
album_148,CONTAINS,track_164
album_148,CONTAINS,track_424
album_148,CONTAINS,track_86
album_148,CONTAINS,track_455
album_148,CONTAINS,track_412
album_148,CONTAINS,track_6
album_148,CONTAINS,track_289
album_149,CONTAINS,track_165
album_149,CONTAINS,track_35
album_149,CONTAINS,track_192
album_149,CONTAINS,track_82
album_149,CONTAINS,track_450
album_149,CONTAINS,track_256
album_149,CONTAINS,track_340
album_149,CONTAINS,track_105
album_149,CONTAINS,track_120
album_149,CONTAINS,track_441
album_149,CONTAINS,track_239
album_149,CONTAINS,track_149
album_150,CONTAINS,track_58
album_150,CONTAINS,track_442
album_150,CONTAINS,track_124
album_150,CONTAINS,track_108
album_150,CONTAINS,track_165
album_150,CONTAINS,track_432
album_150,CONTAINS,track_474
album_150,CONTAINS,track_76
album_150,CONTAINS,track_6
album_150,CONTAINS,track_500
album_150,CONTAINS,track_308
album_150,CONTAINS,track_311
album_151,CONTAINS,track_145
album_151,CONTAINS,track_66
album_151,CONTAINS,track_209
album_151,CONTAINS,track_170
album_151,CONTAINS,track_434
album_151,CONTAINS,track_325
album_151,CONTAINS,track_461
album_151,CONTAINS,track_49
album_151,CONTAINS,track_296
album_151,CONTAINS,track_113
album_151,CONTAINS,track_151
album_151,CONTAINS,track_461
album_151,CONTAINS,track_292
album_152,CONTAINS,track_280
album_152,CONTAINS,track_202
album_152,CONTAINS,track_332
album_152,CONTAINS,track_28
album_152,CONTAINS,track_419
album_152,CONTAINS,track_156
album_152,CONTAINS,track_16
album_152,CONTAINS,track_212
album_153,CONTAINS,track_38
album_153,CONTAINS,track_63
album_153,CONTAINS,track_362
album_153,CONTAINS,track_239
album_153,CONTAINS,track_56
album_153,CONTAINS,track_80
album_153,CONTAINS,track_403
album_154,CONTAINS,track_482
album_154,CONTAINS,track_240
album_154,CONTAINS,track_321
album_154,CONTAINS,track_70
album_154,CONTAINS,track_125
album_154,CONTAINS,track_356
album_154,CONTAINS,track_31
album_154,CONTAINS,track_387
album_155,CONTAINS,track_1
album_155,CONTAINS,track_460
album_155,CONTAINS,track_371
album_155,CONTAINS,track_175
album_155,CONTAINS,track_497
album_155,CONTAINS,track_242
album_155,CONTAINS,track_491
album_155,CONTAINS,track_235
album_155,CONTAINS,track_429
album_155,CONTAINS,track_471
album_155,CONTAINS,track_10
album_155,CONTAINS,track_290
album_156,CONTAINS,track_466
album_156,CONTAINS,track_500
album_156,CONTAINS,track_3
album_156,CONTAINS,track_397
album_156,CONTAINS,track_128
album_156,CONTAINS,track_444
album_157,CONTAINS,track_445
album_157,CONTAINS,track_393
album_157,CONTAINS,track_14
album_157,CONTAINS,track_221
album_157,CONTAINS,track_152
album_157,CONTAINS,track_161
album_157,CONTAINS,track_89
album_157,CONTAINS,track_277
album_157,CONTAINS,track_297
album_157,CONTAINS,track_376
album_158,CONTAINS,track_177
album_158,CONTAINS,track_256
album_158,CONTAINS,track_444
album_158,CONTAINS,track_170
album_158,CONTAINS,track_300
album_158,CONTAINS,track_354
album_158,CONTAINS,track_341
album_158,CONTAINS,track_425
album_158,CONTAINS,track_66
album_158,CONTAINS,track_99
album_159,CONTAINS,track_14
album_159,CONTAINS,track_96
album_159,CONTAINS,track_51
album_159,CONTAINS,track_321
album_159,CONTAINS,track_151
album_159,CONTAINS,track_228
album_159,CONTAINS,track_118
album_159,CONTAINS,track_460
album_159,CONTAINS,track_56
album_159,CONTAINS,track_248
album_159,CONTAINS,track_219
album_159,CONTAINS,track_145
album_159,CONTAINS,track_58
album_160,CONTAINS,track_157
album_160,CONTAINS,track_334
album_160,CONTAINS,track_125
album_160,CONTAINS,track_31
album_160,CONTAINS,track_355
album_160,CONTAINS,track_184
album_161,CONTAINS,track_166
album_161,CONTAINS,track_340
album_161,CONTAINS,track_297
album_161,CONTAINS,track_175
album_161,CONTAINS,track_34
album_161,CONTAINS,track_231
album_161,CONTAINS,track_27
album_161,CONTAINS,track_47
album_162,CONTAINS,track_410
album_162,CONTAINS,track_14
album_162,CONTAINS,track_56
album_162,CONTAINS,track_97
album_162,CONTAINS,track_455
album_162,CONTAINS,track_261
album_162,CONTAINS,track_88
album_162,CONTAINS,track_417
album_162,CONTAINS,track_452
album_162,CONTAINS,track_459
album_162,CONTAINS,track_194
album_162,CONTAINS,track_467
album_162,CONTAINS,track_460
album_163,CONTAINS,track_187
album_163,CONTAINS,track_57
album_163,CONTAINS,track_7
album_163,CONTAINS,track_210
album_163,CONTAINS,track_437
album_164,CONTAINS,track_61
album_164,CONTAINS,track_163
album_164,CONTAINS,track_268
album_164,CONTAINS,track_312
album_164,CONTAINS,track_265
album_164,CONTAINS,track_143
album_164,CONTAINS,track_109
album_164,CONTAINS,track_168
album_164,CONTAINS,track_165
album_164,CONTAINS,track_224
album_164,CONTAINS,track_457
album_165,CONTAINS,track_341
album_165,CONTAINS,track_127
album_165,CONTAINS,track_474
album_165,CONTAINS,track_112
album_165,CONTAINS,track_150
album_166,CONTAINS,track_495
album_166,CONTAINS,track_41
album_166,CONTAINS,track_426
album_166,CONTAINS,track_457
album_166,CONTAINS,track_36
album_166,CONTAINS,track_101
album_166,CONTAINS,track_298
album_166,CONTAINS,track_264
album_166,CONTAINS,track_487
album_166,CONTAINS,track_372
album_166,CONTAINS,track_303
album_166,CONTAINS,track_248
album_166,CONTAINS,track_81
album_167,CONTAINS,track_303
album_167,CONTAINS,track_300
album_167,CONTAINS,track_82
album_167,CONTAINS,track_420
album_167,CONTAINS,track_405
album_167,CONTAINS,track_397
album_167,CONTAINS,track_89
album_167,CONTAINS,track_452
album_168,CONTAINS,track_322
album_168,CONTAINS,track_237
album_168,CONTAINS,track_143
album_168,CONTAINS,track_398
album_168,CONTAINS,track_127
album_168,CONTAINS,track_357
album_169,CONTAINS,track_342
album_169,CONTAINS,track_120
album_169,CONTAINS,track_229
album_169,CONTAINS,track_475
album_169,CONTAINS,track_452
album_169,CONTAINS,track_109
album_169,CONTAINS,track_474
album_169,CONTAINS,track_112
album_169,CONTAINS,track_44
album_169,CONTAINS,track_7
album_170,CONTAINS,track_489
album_170,CONTAINS,track_104
album_170,CONTAINS,track_266
album_170,CONTAINS,track_302
album_170,CONTAINS,track_481
album_170,CONTAINS,track_220
album_170,CONTAINS,track_93
album_170,CONTAINS,track_322
album_170,CONTAINS,track_402
album_170,CONTAINS,track_441
album_170,CONTAINS,track_349
album_170,CONTAINS,track_29
album_170,CONTAINS,track_152
album_170,CONTAINS,track_35
album_171,CONTAINS,track_94
album_171,CONTAINS,track_95
album_171,CONTAINS,track_68
album_171,CONTAINS,track_298
album_171,CONTAINS,track_405
album_171,CONTAINS,track_372
album_171,CONTAINS,track_459
album_171,CONTAINS,track_465
album_171,CONTAINS,track_274
album_171,CONTAINS,track_245
album_171,CONTAINS,track_14
album_171,CONTAINS,track_399
album_171,CONTAINS,track_445
album_171,CONTAINS,track_160
album_172,CONTAINS,track_82
album_172,CONTAINS,track_311
album_172,CONTAINS,track_118
album_172,CONTAINS,track_304
album_172,CONTAINS,track_103
album_172,CONTAINS,track_26
album_172,CONTAINS,track_26
album_172,CONTAINS,track_227
album_172,CONTAINS,track_394
album_172,CONTAINS,track_321
album_172,CONTAINS,track_451
album_172,CONTAINS,track_385
album_172,CONTAINS,track_330
album_173,CONTAINS,track_479
album_173,CONTAINS,track_266
album_173,CONTAINS,track_72
album_173,CONTAINS,track_19
album_173,CONTAINS,track_470
album_173,CONTAINS,track_264
album_173,CONTAINS,track_289
album_173,CONTAINS,track_72
album_173,CONTAINS,track_213
album_173,CONTAINS,track_226
album_173,CONTAINS,track_355
album_174,CONTAINS,track_374
album_174,CONTAINS,track_448
album_174,CONTAINS,track_8
album_174,CONTAINS,track_68
album_174,CONTAINS,track_301
album_174,CONTAINS,track_424
album_174,CONTAINS,track_479
album_174,CONTAINS,track_199
album_175,CONTAINS,track_143
album_175,CONTAINS,track_471
album_175,CONTAINS,track_211
album_175,CONTAINS,track_460
album_175,CONTAINS,track_173
album_175,CONTAINS,track_82
album_175,CONTAINS,track_403
album_175,CONTAINS,track_395
album_175,CONTAINS,track_207
album_175,CONTAINS,track_104
album_176,CONTAINS,track_200
album_176,CONTAINS,track_81
album_176,CONTAINS,track_291
album_176,CONTAINS,track_324
album_176,CONTAINS,track_385
album_176,CONTAINS,track_364
album_177,CONTAINS,track_25
album_177,CONTAINS,track_206
album_177,CONTAINS,track_499
album_177,CONTAINS,track_154
album_177,CONTAINS,track_188
album_177,CONTAINS,track_64
album_177,CONTAINS,track_52
album_177,CONTAINS,track_324
album_177,CONTAINS,track_324
album_177,CONTAINS,track_273
album_177,CONTAINS,track_38
album_177,CONTAINS,track_281
album_177,CONTAINS,track_249
album_177,CONTAINS,track_46
album_178,CONTAINS,track_294
album_178,CONTAINS,track_88
album_178,CONTAINS,track_136
album_178,CONTAINS,track_374
album_178,CONTAINS,track_413
album_178,CONTAINS,track_117
album_178,CONTAINS,track_1
album_179,CONTAINS,track_481
album_179,CONTAINS,track_45
album_179,CONTAINS,track_449
album_179,CONTAINS,track_323
album_179,CONTAINS,track_325
album_179,CONTAINS,track_67
album_179,CONTAINS,track_480
album_180,CONTAINS,track_127
album_180,CONTAINS,track_408
album_180,CONTAINS,track_256
album_180,CONTAINS,track_354
album_180,CONTAINS,track_211
album_180,CONTAINS,track_432
album_180,CONTAINS,track_168
album_180,CONTAINS,track_47
album_180,CONTAINS,track_379
album_180,CONTAINS,track_57
album_180,CONTAINS,track_134
album_180,CONTAINS,track_359
album_181,CONTAINS,track_293
album_181,CONTAINS,track_135
album_181,CONTAINS,track_394
album_181,CONTAINS,track_243
album_181,CONTAINS,track_28
album_181,CONTAINS,track_164
album_181,CONTAINS,track_225
album_181,CONTAINS,track_250
album_181,CONTAINS,track_116
album_181,CONTAINS,track_410
album_181,CONTAINS,track_406
album_181,CONTAINS,track_312
album_181,CONTAINS,track_131
album_182,CONTAINS,track_409
album_182,CONTAINS,track_295
album_182,CONTAINS,track_130
album_182,CONTAINS,track_464
album_182,CONTAINS,track_157
album_182,CONTAINS,track_75
album_182,CONTAINS,track_287
album_182,CONTAINS,track_296
album_182,CONTAINS,track_255
album_183,CONTAINS,track_379
album_183,CONTAINS,track_329
album_183,CONTAINS,track_77
album_183,CONTAINS,track_116
album_183,CONTAINS,track_408
album_183,CONTAINS,track_129
album_183,CONTAINS,track_381
album_183,CONTAINS,track_316
album_183,CONTAINS,track_485
album_183,CONTAINS,track_336
album_183,CONTAINS,track_406
album_183,CONTAINS,track_180
album_184,CONTAINS,track_429
album_184,CONTAINS,track_245
album_184,CONTAINS,track_63
album_184,CONTAINS,track_82
album_184,CONTAINS,track_463
album_184,CONTAINS,track_309
album_184,CONTAINS,track_131
album_184,CONTAINS,track_296
album_185,CONTAINS,track_375
album_185,CONTAINS,track_202
album_185,CONTAINS,track_197
album_185,CONTAINS,track_439
album_185,CONTAINS,track_43
album_185,CONTAINS,track_156
album_185,CONTAINS,track_79
album_185,CONTAINS,track_33
album_185,CONTAINS,track_346
album_185,CONTAINS,track_361
album_185,CONTAINS,track_338
album_185,CONTAINS,track_220
album_186,CONTAINS,track_377
album_186,CONTAINS,track_324
album_186,CONTAINS,track_126
album_186,CONTAINS,track_424
album_186,CONTAINS,track_88
album_186,CONTAINS,track_289
album_186,CONTAINS,track_209
album_186,CONTAINS,track_372
album_186,CONTAINS,track_427
album_186,CONTAINS,track_419
album_187,CONTAINS,track_245
album_187,CONTAINS,track_379
album_187,CONTAINS,track_225
album_187,CONTAINS,track_60
album_187,CONTAINS,track_353
album_187,CONTAINS,track_9
album_187,CONTAINS,track_368
album_187,CONTAINS,track_403
album_187,CONTAINS,track_101
album_187,CONTAINS,track_329
album_187,CONTAINS,track_321
album_187,CONTAINS,track_22
album_187,CONTAINS,track_361
album_187,CONTAINS,track_161
album_188,CONTAINS,track_90
album_188,CONTAINS,track_110
album_188,CONTAINS,track_137
album_188,CONTAINS,track_360
album_188,CONTAINS,track_23
album_188,CONTAINS,track_39
album_188,CONTAINS,track_362
album_188,CONTAINS,track_47
album_188,CONTAINS,track_327
album_188,CONTAINS,track_343
album_188,CONTAINS,track_72
album_188,CONTAINS,track_463
album_188,CONTAINS,track_112
album_188,CONTAINS,track_253
album_189,CONTAINS,track_75
album_189,CONTAINS,track_285
album_189,CONTAINS,track_191
album_189,CONTAINS,track_107
album_189,CONTAINS,track_412
album_189,CONTAINS,track_426
album_189,CONTAINS,track_23
album_190,CONTAINS,track_486
album_190,CONTAINS,track_417
album_190,CONTAINS,track_150
album_190,CONTAINS,track_266
album_190,CONTAINS,track_161
album_190,CONTAINS,track_133
album_191,CONTAINS,track_393
album_191,CONTAINS,track_118
album_191,CONTAINS,track_460
album_191,CONTAINS,track_284
album_191,CONTAINS,track_293
album_191,CONTAINS,track_44
album_191,CONTAINS,track_221
album_191,CONTAINS,track_420
album_191,CONTAINS,track_15
album_191,CONTAINS,track_321
album_191,CONTAINS,track_431
album_191,CONTAINS,track_106
album_191,CONTAINS,track_246
album_192,CONTAINS,track_474
album_192,CONTAINS,track_411
album_192,CONTAINS,track_391
album_192,CONTAINS,track_359
album_192,CONTAINS,track_51
album_192,CONTAINS,track_285
album_192,CONTAINS,track_80
album_192,CONTAINS,track_17
album_192,CONTAINS,track_421
album_193,CONTAINS,track_475
album_193,CONTAINS,track_123
album_193,CONTAINS,track_13
album_193,CONTAINS,track_192
album_193,CONTAINS,track_481
album_193,CONTAINS,track_218
album_193,CONTAINS,track_272
album_193,CONTAINS,track_377
album_194,CONTAINS,track_36
album_194,CONTAINS,track_353
album_194,CONTAINS,track_43
album_194,CONTAINS,track_79
album_194,CONTAINS,track_405
album_194,CONTAINS,track_290
album_194,CONTAINS,track_331
album_194,CONTAINS,track_175
album_194,CONTAINS,track_124
album_194,CONTAINS,track_30
album_194,CONTAINS,track_488
album_195,CONTAINS,track_393
album_195,CONTAINS,track_430
album_195,CONTAINS,track_488
album_195,CONTAINS,track_63
album_195,CONTAINS,track_60
album_195,CONTAINS,track_77
album_196,CONTAINS,track_325
album_196,CONTAINS,track_188
album_196,CONTAINS,track_10
album_196,CONTAINS,track_454
album_196,CONTAINS,track_122
album_196,CONTAINS,track_499
album_196,CONTAINS,track_187
album_196,CONTAINS,track_265
album_196,CONTAINS,track_323
album_196,CONTAINS,track_138
album_196,CONTAINS,track_90
album_196,CONTAINS,track_389
album_196,CONTAINS,track_160
album_197,CONTAINS,track_257
album_197,CONTAINS,track_402
album_197,CONTAINS,track_155
album_197,CONTAINS,track_2
album_197,CONTAINS,track_10
album_197,CONTAINS,track_427
album_197,CONTAINS,track_498
album_197,CONTAINS,track_307
album_197,CONTAINS,track_144
album_197,CONTAINS,track_361
album_197,CONTAINS,track_161
album_197,CONTAINS,track_374
album_197,CONTAINS,track_159
album_197,CONTAINS,track_233
album_198,CONTAINS,track_405
album_198,CONTAINS,track_312
album_198,CONTAINS,track_133
album_198,CONTAINS,track_368
album_198,CONTAINS,track_400
album_198,CONTAINS,track_109
album_198,CONTAINS,track_319
album_199,CONTAINS,track_35
album_199,CONTAINS,track_225
album_199,CONTAINS,track_350
album_199,CONTAINS,track_455
album_199,CONTAINS,track_96
album_199,CONTAINS,track_342
album_199,CONTAINS,track_78
album_199,CONTAINS,track_218
album_199,CONTAINS,track_426
album_199,CONTAINS,track_4
album_199,CONTAINS,track_48
album_199,CONTAINS,track_94
album_199,CONTAINS,track_444
album_200,CONTAINS,track_362
album_200,CONTAINS,track_36
album_200,CONTAINS,track_87
album_200,CONTAINS,track_210
album_200,CONTAINS,track_120
album_200,CONTAINS,track_223
album_200,CONTAINS,track_217
artist_12,RELEASED,album_1
artist_16,RELEASED,album_2
artist_99,RELEASED,album_3
artist_53,RELEASED,album_4
artist_75,RELEASED,album_5
artist_4,RELEASED,album_6
artist_36,RELEASED,album_7
artist_35,RELEASED,album_8
artist_34,RELEASED,album_9
artist_20,RELEASED,album_10
artist_41,RELEASED,album_11
artist_28,RELEASED,album_12
artist_41,RELEASED,album_13
artist_87,RELEASED,album_14
artist_42,RELEASED,album_15
artist_18,RELEASED,album_16
artist_82,RELEASED,album_17
artist_27,RELEASED,album_18
artist_41,RELEASED,album_19
artist_79,RELEASED,album_20
artist_48,RELEASED,album_21
artist_13,RELEASED,album_22
artist_90,RELEASED,album_23
artist_18,RELEASED,album_24
artist_71,RELEASED,album_25
artist_7,RELEASED,album_26
artist_31,RELEASED,album_27
artist_1,RELEASED,album_28
artist_52,RELEASED,album_29
artist_80,RELEASED,album_30
artist_52,RELEASED,album_31
artist_33,RELEASED,album_32
artist_11,RELEASED,album_33
artist_43,RELEASED,album_34
artist_27,RELEASED,album_35
artist_58,RELEASED,album_36
artist_23,RELEASED,album_37
artist_46,RELEASED,album_38
artist_39,RELEASED,album_39
artist_38,RELEASED,album_40
artist_6,RELEASED,album_41
artist_72,RELEASED,album_42
artist_60,RELEASED,album_43
artist_92,RELEASED,album_44
artist_74,RELEASED,album_45
artist_50,RELEASED,album_46
artist_63,RELEASED,album_47
artist_57,RELEASED,album_48
artist_11,RELEASED,album_49
artist_64,RELEASED,album_50
artist_62,RELEASED,album_51
artist_47,RELEASED,album_52
artist_71,RELEASED,album_53
artist_87,RELEASED,album_54
artist_16,RELEASED,album_55
artist_30,RELEASED,album_56
artist_67,RELEASED,album_57
artist_87,RELEASED,album_58
artist_89,RELEASED,album_59
artist_48,RELEASED,album_60
artist_47,RELEASED,album_61
artist_89,RELEASED,album_62
artist_58,RELEASED,album_63
artist_85,RELEASED,album_64
artist_70,RELEASED,album_65
artist_33,RELEASED,album_66
artist_71,RELEASED,album_67
artist_59,RELEASED,album_68
artist_40,RELEASED,album_69
artist_88,RELEASED,album_70
artist_38,RELEASED,album_71
artist_48,RELEASED,album_72
artist_92,RELEASED,album_73
artist_2,RELEASED,album_74
artist_78,RELEASED,album_75
artist_45,RELEASED,album_76
artist_6,RELEASED,album_77
artist_31,RELEASED,album_78
artist_61,RELEASED,album_79
artist_71,RELEASED,album_80
artist_77,RELEASED,album_81
artist_73,RELEASED,album_82
artist_31,RELEASED,album_83
artist_58,RELEASED,album_84
artist_29,RELEASED,album_85
artist_68,RELEASED,album_86
artist_18,RELEASED,album_87
artist_56,RELEASED,album_88
artist_97,RELEASED,album_89
artist_19,RELEASED,album_90
artist_72,RELEASED,album_91
artist_18,RELEASED,album_92
artist_1,RELEASED,album_93
artist_97,RELEASED,album_94
artist_62,RELEASED,album_95
artist_76,RELEASED,album_96
artist_38,RELEASED,album_97
artist_46,RELEASED,album_98
artist_86,RELEASED,album_99
artist_6,RELEASED,album_100
artist_66,RELEASED,album_101
artist_67,RELEASED,album_102
artist_58,RELEASED,album_103
artist_94,RELEASED,album_104
artist_84,RELEASED,album_105
artist_84,RELEASED,album_106
artist_90,RELEASED,album_107
artist_72,RELEASED,album_108
artist_33,RELEASED,album_109
artist_88,RELEASED,album_110
artist_14,RELEASED,album_111
artist_82,RELEASED,album_112
artist_88,RELEASED,album_113
artist_54,RELEASED,album_114
artist_45,RELEASED,album_115
artist_84,RELEASED,album_116
artist_20,RELEASED,album_117
artist_88,RELEASED,album_118
artist_49,RELEASED,album_119
artist_23,RELEASED,album_120
artist_67,RELEASED,album_121
artist_86,RELEASED,album_122
artist_30,RELEASED,album_123
artist_49,RELEASED,album_124
artist_81,RELEASED,album_125
artist_56,RELEASED,album_126
artist_15,RELEASED,album_127
artist_80,RELEASED,album_128
artist_93,RELEASED,album_129
artist_2,RELEASED,album_130
artist_39,RELEASED,album_131
artist_3,RELEASED,album_132
artist_75,RELEASED,album_133
artist_35,RELEASED,album_134
artist_5,RELEASED,album_135
artist_24,RELEASED,album_136
artist_90,RELEASED,album_137
artist_4,RELEASED,album_138
artist_7,RELEASED,album_139
artist_69,RELEASED,album_140
artist_17,RELEASED,album_141
artist_100,RELEASED,album_142
artist_90,RELEASED,album_143
artist_52,RELEASED,album_144
artist_92,RELEASED,album_145
artist_50,RELEASED,album_146
artist_60,RELEASED,album_147
artist_50,RELEASED,album_148
artist_13,RELEASED,album_149
artist_6,RELEASED,album_150
artist_28,RELEASED,album_151
artist_2,RELEASED,album_152
artist_9,RELEASED,album_153
artist_32,RELEASED,album_154
artist_64,RELEASED,album_155
artist_84,RELEASED,album_156
artist_21,RELEASED,album_157
artist_41,RELEASED,album_158
artist_98,RELEASED,album_159
artist_24,RELEASED,album_160
artist_1,RELEASED,album_161
artist_43,RELEASED,album_162
artist_59,RELEASED,album_163
artist_62,RELEASED,album_164
artist_51,RELEASED,album_165
artist_65,RELEASED,album_166
artist_61,RELEASED,album_167
artist_49,RELEASED,album_168
artist_95,RELEASED,album_169
artist_56,RELEASED,album_170
artist_4,RELEASED,album_171
artist_83,RELEASED,album_172
artist_40,RELEASED,album_173
artist_96,RELEASED,album_174
artist_9,RELEASED,album_175
artist_10,RELEASED,album_176
artist_82,RELEASED,album_177
artist_21,RELEASED,album_178
artist_66,RELEASED,album_179
artist_77,RELEASED,album_180
artist_18,RELEASED,album_181
artist_82,RELEASED,album_182
artist_32,RELEASED,album_183
artist_67,RELEASED,album_184
artist_39,RELEASED,album_185
artist_24,RELEASED,album_186
artist_90,RELEASED,album_187
artist_53,RELEASED,album_188
artist_40,RELEASED,album_189
artist_82,RELEASED,album_190
artist_27,RELEASED,album_191
artist_5,RELEASED,album_192
artist_82,RELEASED,album_193
artist_17,RELEASED,album_194
artist_19,RELEASED,album_195
artist_59,RELEASED,album_196
artist_30,RELEASED,album_197
artist_6,RELEASED,album_198
artist_18,RELEASED,album_199
artist_61,RELEASED,album_200
artist_1,HAS_GENRE,'Genre 5'
artist_1,HAS_GENRE, 'Genre 8'
artist_2,HAS_GENRE,'Genre 5'
artist_3,HAS_GENRE,'Genre 2'
artist_3,HAS_GENRE, 'Genre 9'
artist_4,HAS_GENRE,'Genre 8'
artist_4,HAS_GENRE, 'Genre 7'
artist_5,HAS_GENRE,'Genre 7'
artist_5,HAS_GENRE, 'Genre 3'
artist_6,HAS_GENRE,'Genre 4'
artist_6,HAS_GENRE, 'Genre 8'
artist_6,HAS_GENRE, 'Genre 7'
artist_7,HAS_GENRE,'Genre 4'
artist_7,HAS_GENRE, 'Genre 6'
artist_7,HAS_GENRE, 'Genre 2'
artist_8,HAS_GENRE,'Genre 5'
artist_8,HAS_GENRE, 'Genre 7'
artist_9,HAS_GENRE,'Genre 8'
artist_10,HAS_GENRE,'Genre 1'
artist_10,HAS_GENRE, 'Genre 5'
artist_11,HAS_GENRE,'Genre 2'
artist_11,HAS_GENRE, 'Genre 6'
artist_11,HAS_GENRE, 'Genre 9'
artist_12,HAS_GENRE,'Genre 1'
artist_12,HAS_GENRE, 'Genre 4'
artist_13,HAS_GENRE,'Genre 2'
artist_14,HAS_GENRE,'Genre 7'
artist_15,HAS_GENRE,'Genre 7'
artist_15,HAS_GENRE, 'Genre 2'
artist_16,HAS_GENRE,'Genre 7'
artist_17,HAS_GENRE,'Genre 3'
artist_18,HAS_GENRE,'Genre 9'
artist_18,HAS_GENRE, 'Genre 6'
artist_18,HAS_GENRE, 'Genre 6'
artist_19,HAS_GENRE,'Genre 2'
artist_20,HAS_GENRE,'Genre 2'
artist_20,HAS_GENRE, 'Genre 1'
artist_20,HAS_GENRE, 'Genre 7'
artist_21,HAS_GENRE,'Genre 10'
artist_21,HAS_GENRE, 'Genre 9'
artist_22,HAS_GENRE,'Genre 9'
artist_23,HAS_GENRE,'Genre 8'
artist_24,HAS_GENRE,'Genre 3'
artist_24,HAS_GENRE, 'Genre 7'
artist_24,HAS_GENRE, 'Genre 6'
artist_25,HAS_GENRE,'Genre 7'
artist_26,HAS_GENRE,'Genre 7'
artist_26,HAS_GENRE, 'Genre 1'
artist_27,HAS_GENRE,'Genre 3'
artist_27,HAS_GENRE, 'Genre 4'
artist_27,HAS_GENRE, 'Genre 5'
artist_28,HAS_GENRE,'Genre 8'
artist_28,HAS_GENRE, 'Genre 4'
artist_29,HAS_GENRE,'Genre 9'
artist_29,HAS_GENRE, 'Genre 3'
artist_30,HAS_GENRE,'Genre 10'
artist_30,HAS_GENRE, 'Genre 9'
artist_30,HAS_GENRE, 'Genre 9'
artist_31,HAS_GENRE,'Genre 7'
artist_32,HAS_GENRE,'Genre 7'
artist_32,HAS_GENRE, 'Genre 1'
artist_33,HAS_GENRE,'Genre 1'
artist_33,HAS_GENRE, 'Genre 4'
artist_34,HAS_GENRE,'Genre 1'
artist_35,HAS_GENRE,'Genre 4'
artist_36,HAS_GENRE,'Genre 5'
artist_36,HAS_GENRE, 'Genre 2'
artist_36,HAS_GENRE, 'Genre 3'
artist_37,HAS_GENRE,'Genre 5'
artist_37,HAS_GENRE, 'Genre 10'
artist_38,HAS_GENRE,'Genre 7'
artist_38,HAS_GENRE, 'Genre 4'
artist_38,HAS_GENRE, 'Genre 5'
artist_39,HAS_GENRE,'Genre 6'
artist_39,HAS_GENRE, 'Genre 1'
artist_39,HAS_GENRE, 'Genre 10'
artist_40,HAS_GENRE,'Genre 5'
artist_41,HAS_GENRE,'Genre 5'
artist_41,HAS_GENRE, 'Genre 3'
artist_41,HAS_GENRE, 'Genre 7'
artist_42,HAS_GENRE,'Genre 3'
artist_42,HAS_GENRE, 'Genre 5'
artist_42,HAS_GENRE, 'Genre 7'
artist_43,HAS_GENRE,'Genre 5'
artist_43,HAS_GENRE, 'Genre 9'
artist_43,HAS_GENRE, 'Genre 1'
artist_44,HAS_GENRE,'Genre 5'
artist_45,HAS_GENRE,'Genre 7'
artist_45,HAS_GENRE, 'Genre 3'
artist_45,HAS_GENRE, 'Genre 6'
artist_46,HAS_GENRE,'Genre 5'
artist_46,HAS_GENRE, 'Genre 8'
artist_46,HAS_GENRE, 'Genre 7'
artist_47,HAS_GENRE,'Genre 6'
artist_47,HAS_GENRE, 'Genre 5'
artist_47,HAS_GENRE, 'Genre 2'
artist_48,HAS_GENRE,'Genre 2'
artist_48,HAS_GENRE, 'Genre 9'
artist_48,HAS_GENRE, 'Genre 1'
artist_49,HAS_GENRE,'Genre 4'
artist_49,HAS_GENRE, 'Genre 3'
artist_49,HAS_GENRE, 'Genre 1'
artist_50,HAS_GENRE,'Genre 9'
artist_50,HAS_GENRE, 'Genre 8'
artist_50,HAS_GENRE, 'Genre 1'
artist_51,HAS_GENRE,'Genre 2'
artist_51,HAS_GENRE, 'Genre 7'
artist_52,HAS_GENRE,'Genre 2'
artist_52,HAS_GENRE, 'Genre 10'
artist_53,HAS_GENRE,'Genre 5'
artist_54,HAS_GENRE,'Genre 9'
artist_55,HAS_GENRE,'Genre 8'
artist_56,HAS_GENRE,'Genre 10'
artist_56,HAS_GENRE, 'Genre 1'
artist_57,HAS_GENRE,'Genre 1'
artist_58,HAS_GENRE,'Genre 6'
artist_58,HAS_GENRE, 'Genre 4'
artist_58,HAS_GENRE, 'Genre 3'
artist_59,HAS_GENRE,'Genre 2'
artist_60,HAS_GENRE,'Genre 8'
artist_60,HAS_GENRE, 'Genre 6'
artist_61,HAS_GENRE,'Genre 9'
artist_61,HAS_GENRE, 'Genre 10'
artist_62,HAS_GENRE,'Genre 10'
artist_62,HAS_GENRE, 'Genre 8'
artist_62,HAS_GENRE, 'Genre 3'
artist_63,HAS_GENRE,'Genre 5'
artist_63,HAS_GENRE, 'Genre 4'
artist_63,HAS_GENRE, 'Genre 3'
artist_64,HAS_GENRE,'Genre 3'
artist_65,HAS_GENRE,'Genre 6'
artist_65,HAS_GENRE, 'Genre 10'
artist_66,HAS_GENRE,'Genre 5'
artist_66,HAS_GENRE, 'Genre 8'
artist_66,HAS_GENRE, 'Genre 2'
artist_67,HAS_GENRE,'Genre 4'
artist_68,HAS_GENRE,'Genre 9'
artist_68,HAS_GENRE, 'Genre 4'
artist_69,HAS_GENRE,'Genre 9'
artist_69,HAS_GENRE, 'Genre 3'
artist_70,HAS_GENRE,'Genre 5'
artist_71,HAS_GENRE,'Genre 1'
artist_71,HAS_GENRE, 'Genre 2'
artist_72,HAS_GENRE,'Genre 7'
artist_72,HAS_GENRE, 'Genre 4'
artist_73,HAS_GENRE,'Genre 9'
artist_73,HAS_GENRE, 'Genre 9'
artist_73,HAS_GENRE, 'Genre 1'
artist_74,HAS_GENRE,'Genre 2'
artist_74,HAS_GENRE, 'Genre 4'
artist_75,HAS_GENRE,'Genre 9'
artist_76,HAS_GENRE,'Genre 2'
artist_76,HAS_GENRE, 'Genre 2'
artist_77,HAS_GENRE,'Genre 4'
artist_77,HAS_GENRE, 'Genre 1'
artist_78,HAS_GENRE,'Genre 7'
artist_78,HAS_GENRE, 'Genre 7'
artist_79,HAS_GENRE,'Genre 10'
artist_79,HAS_GENRE, 'Genre 4'
artist_79,HAS_GENRE, 'Genre 3'
artist_80,HAS_GENRE,'Genre 6'
artist_80,HAS_GENRE, 'Genre 2'
artist_81,HAS_GENRE,'Genre 4'
artist_82,HAS_GENRE,'Genre 8'
artist_82,HAS_GENRE, 'Genre 1'
artist_83,HAS_GENRE,'Genre 3'
artist_84,HAS_GENRE,'Genre 4'
artist_84,HAS_GENRE, 'Genre 6'
artist_84,HAS_GENRE, 'Genre 5'
artist_85,HAS_GENRE,'Genre 8'
artist_85,HAS_GENRE, 'Genre 9'
artist_85,HAS_GENRE, 'Genre 5'
artist_86,HAS_GENRE,'Genre 3'
artist_86,HAS_GENRE, 'Genre 10'
artist_86,HAS_GENRE, 'Genre 1'
artist_87,HAS_GENRE,'Genre 1'
artist_88,HAS_GENRE,'Genre 9'
artist_88,HAS_GENRE, 'Genre 8'
artist_89,HAS_GENRE,'Genre 10'
artist_90,HAS_GENRE,'Genre 8'
artist_90,HAS_GENRE, 'Genre 2'
artist_91,HAS_GENRE,'Genre 9'
artist_92,HAS_GENRE,'Genre 6'
artist_93,HAS_GENRE,'Genre 6'
artist_94,HAS_GENRE,'Genre 8'
artist_94,HAS_GENRE, 'Genre 10'
artist_95,HAS_GENRE,'Genre 5'
artist_96,HAS_GENRE,'Genre 9'
artist_96,HAS_GENRE, 'Genre 1'
artist_97,HAS_GENRE,'Genre 3'
artist_97,HAS_GENRE, 'Genre 4'
artist_97,HAS_GENRE, 'Genre 1'
artist_98,HAS_GENRE,'Genre 10'
artist_98,HAS_GENRE, 'Genre 10'
artist_99,HAS_GENRE,'Genre 6'
artist_100,HAS_GENRE,'Genre 7'
